reference,topic,model,svris_status,svris_reference,field_title,field_authors,field_year,field_venue,field_id,candidate_title,candidate_authors,candidate_year,candidate_venue,candidate_doi,candidate_url,candidate_source,candidate_matches,candidate_contradictions,candidate_contains,candidate_absent,candidate_unconfirmed,cmp_title_citation,cmp_title_candidate,cmp_authors_citation,cmp_authors_candidate,cmp_year_citation,cmp_year_candidate,cmp_venue_citation,cmp_venue_candidate,cmp_id_citation,cmp_id_candidate,match_set_size,contained_set_size,total_candidates,sources_queried,processing_time_ms,svris_message,score,error_distance
"Oduro, A. W. (2015). *Biometric voter registration and electoral governance in Kenya* (Doctoral dissertation). University of Nairobi.",Biometric voter registration,minimax_m25_230b_a10b,unverified,,UNCONFIRMED,UNCONFIRMED,UNCONFIRMED,UNCONFIRMED,UNCONFIRMED,,,,,,,,,,,,,,,,,,,,,,,,,,,,,0.000,1.000
"Kramon, E., & Poznyak, D. (2014). The impact of biometric voter registration on electoral integrity: Evidence from Kenya’s 2013 general election. *Electoral Studies*, *35*, 76–88. https://doi.org/10.1016/j.electstud.2014.03.003",Biometric voter registration,minimax_m25_230b_a10b,needs-human,,CONTRADICTION,CONTRADICTION,MATCH,MATCH,MATCH,,,,,,,,,,,,,,,,,,,,,,,,,,,,,0.100,0.900
"Brons, D. C. (2017). Voter registration modernization: A comparative study of biometric systems in developing countries. *Journal of Development Studies*, *53*(12), 1993–2008. https://doi.org/10.1080/00220388.2017.1322925",Biometric voter registration,minimax_m25_230b_a10b,unverified,,CONTAINS,UNCONFIRMED,UNCONFIRMED,UNCONFIRMED,UNCONFIRMED,,,,,,,,,,,,,,,,,,,,,,,,,,,,,0.125,0.875
"Oppong, A. A., & Mensah, L. (2016). Assessing the reliability of biometric voter registration in Ghana: The 2012 elections. *African Affairs*, *115*(459), 123–145. https://doi.org/10.1093/afraf/adw001",Biometric voter registration,minimax_m25_230b_a10b,needs-human,,CONTRADICTION,CONTRADICTION,MATCH,MATCH,MATCH,,,,,,,,,,,,,,,,,,,,,,,,,,,,,0.100,0.900
"International IDEA. (2015). *Biometric voter registration: Technology, implementation and challenges* (Tech. Rep. No. 7). International Institute for Democracy and Electoral Assistance.",Biometric voter registration,minimax_m25_230b_a10b,unverified,,CONTRADICTION,MATCH,UNCONFIRMED,MATCH,ABSENT,,,,,,,,,,,,,,,,,,,,,,,,,,,,,0.133,0.867
IFES. (2014). *Biometric voter registration in Kenya: Lessons learned* (Tech. Rep.). International Foundation for Electoral Systems.,Biometric voter registration,minimax_m25_230b_a10b,needs-human,,CONTRADICTION,MATCH,MATCH,MATCH,ABSENT,,,,,,,,,,,,,,,,,,,,,,,,,,,,,0.333,0.667
"Orangi, J. O. (2019). The politics of biometric voter registration in Kenya. *Journal of African Elections*, *18*(1), 45–66. https://doi.org/10.2094/JAE/2019.018",Biometric voter registration,minimax_m25_230b_a10b,unverified,,UNCONFIRMED,UNCONFIRMED,UNCONFIRMED,UNCONFIRMED,UNCONFIRMED,,,,,,,,,,,,,,,,,,,,,,,,,,,,,0.000,1.000
"Rw, S. K., & Nsubuga, H. (2020). Biometric voter registration and voter confidence: Evidence from Uganda. *International Journal of Public Administration*, *43*(8), 704–718. https://doi.org/10.1080/01900692.2019.1666500",Biometric voter registration,minimax_m25_230b_a10b,unverified,,UNCONFIRMED,UNCONFIRMED,UNCONFIRMED,UNCONFIRMED,UNCONFIRMED,,,,,,,,,,,,,,,,,,,,,,,,,,,,,0.000,1.000
"Vasquez, L., & Kambal, K. (2018). Security and privacy challenges in biometric voter registration systems. In *Proceedings of the 2018 International Conference on e‑Governance* (pp. 112–119). IEEE. https://doi.org/10.1109/ICEG.2018.00023",Biometric voter registration,minimax_m25_230b_a10b,unverified,,UNCONFIRMED,UNCONFIRMED,UNCONFIRMED,UNCONFIRMED,UNCONFIRMED,,,,,,,,,,,,,,,,,,,,,,,,,,,,,0.000,1.000
"Mwakanyamale, A. (2021). An evaluation of biometric voter registration system in Tanzania: The 2020 elections. *Journal of Elections, Public Opinion and Parties*, *31*(2), 173–190. https://doi.org/10.1080/17457289.2021.1894426",Biometric voter registration,minimax_m25_230b_a10b,unverified,,UNCONFIRMED,UNCONFIRMED,UNCONFIRMED,UNCONFIRMED,UNCONFIRMED,,,,,,,,,,,,,,,,,,,,,,,,,,,,,0.000,1.000
Intergovernmental Panel on Climate Change. (2021). Climate Change 2021: The Physical Science Basis. Cambridge University Press.,Climate change,minimax_m25_230b_a10b,verified,,MATCH,MATCH,MATCH,CONTAINS,ABSENT,,,,,,,,,,,,,,,,,,,,,,,,,,,,,0.900,0.100
"Hansen, J., Nazarenko, L., Ruedy, R., Sato, M., Willis, J., Del Genio, A., … Yao, M. S. (2005). Earth’s energy imbalance: Confirmation and implications. Science, 308(5727), 1431–1435.",Climate change,minimax_m25_230b_a10b,verified,,MATCH,CONTAINS,MATCH,MATCH,ABSENT,,,,,,,,,,,,,,,,,,,,,,,,,,,,,0.867,0.133
"Oreskes, N. (2004). The scientific consensus on climate change. Science, 306(5702), 1686.",Climate change,minimax_m25_230b_a10b,verified,,MATCH,UNCONFIRMED,MATCH,MATCH,ABSENT,,,,,,,,,,,,,,,,,,,,,,,,,,,,,0.733,0.267
"Root, T. L., Price, J. T., Hall, K. R., Schneider, S. H., Rosenzweig, C., & Pounds, J. A. (2003). Fingerprints of global warming on wild animals and plants. Nature, 421(6920), 57–60.",Climate change,minimax_m25_230b_a10b,verified,,MATCH,MATCH,MATCH,MATCH,ABSENT,,,,,,,,,,,,,,,,,,,,,,,,,,,,,1.000,0.000
"Stott, P. A., Jones, G. S., & Lowe, J. A. (2010). Attributing climate change to human activities. In J. H. Sheffield & M. R. Manning (Eds.), Climate Change 2010: The Physical Science Basis (pp. 507–514). Cambridge University Press.",Climate change,minimax_m25_230b_a10b,unverified,,CONTRADICTION,CONTRADICTION,MATCH,CONTRADICTION,ABSENT,,,,,,,,,,,,,,,,,,,,,,,,,,,,,0.000,1.000
"Mann, M. E., Zhang, Z., Rutherford, S., Bradley, R. S., Hughes, M. K., Shindell, D., … Faluvegi, G. (2008). Proxy‑based reconstructions of hemispheric and global surface temperature anomalies. Science, 319(5863), 1321–1325.",Climate change,minimax_m25_230b_a10b,needs-human,,CONTAINS,UNCONFIRMED,MATCH,CONTRADICTION,ABSENT,,,,,,,,,,,,,,,,,,,,,,,,,,,,,0.167,0.833
"Running, S. W. (2012). A measurable planet: Observations for climate. Nature Climate Change, 2(4), 239–240.",Climate change,minimax_m25_230b_a10b,unverified,,CONTRADICTION,CONTAINS,CONTAINS,CONTRADICTION,ABSENT,,,,,,,,,,,,,,,,,,,,,,,,,,,,,0.000,1.000
"Solomon, S., Qin, D., Manning, M., Chen, Z., Marquis, M., Averyt, K. B., … Miller, H. L. (Eds.). (2007). Climate Change 2007: The Physical Science Basis. Cambridge University Press.",Climate change,minimax_m25_230b_a10b,verified-with-error,,MATCH,CONTAINS,MATCH,CONTRADICTION,ABSENT,,,,,,,,,,,,,,,,,,,,,,,,,,,,,0.467,0.533
"Jones, P. D., New, M., Parker, D. E., Martin, S., & Rigor, I. G. (1999). Surface climate observations: A new dataset for climate analysis. Journal of Climate, 12(5), 1344–1362.",Climate change,minimax_m25_230b_a10b,unverified,,CONTRADICTION,UNCONFIRMED,CONTRADICTION,MATCH,ABSENT,,,,,,,,,,,,,,,,,,,,,,,,,,,,,0.000,1.000
"Allen, M. R., Frame, D. J., Huntingford, C., Jones, C. D., Lowe, J. A., Meinshausen, M., & Mehling, O. (2006). Quantifying anthropogenic influence on recent near‑surface temperature change. Geophysical Research Letters, 33(19), L19708.",Climate change,minimax_m25_230b_a10b,needs-human,,MATCH,CONTRADICTION,MATCH,CONTRADICTION,ABSENT,,,,,,,,,,,,,,,,,,,,,,,,,,,,,0.067,0.933
"Howden, S. M., et al. (2007). Adapting agriculture to climate change. *Proceedings of the National Academy of Sciences*, *104*(50), 19691–19696.",Climate change adaptation in agriculture,minimax_m25_230b_a10b,verified,,MATCH,MATCH,MATCH,MATCH,ABSENT,,,,,,,,,,,,,,,,,,,,,,,,,,,,,1.000,0.000
"Rosenzweig, C., & Tubiello, F. N. (2007). Adaptation and mitigation strategies in agriculture: An overview. *Mitigation and Adaptation Strategies for Global Change*, *12*(8), 1135–1145.",Climate change adaptation in agriculture,minimax_m25_230b_a10b,verified-with-error,,CONTAINS,MATCH,MATCH,MATCH,ABSENT,,,,,,,,,,,,,,,,,,,,,,,,,,,,,0.833,0.167
"Antle, J. M., & Capalbo, S. M. (2010). Adaptation of agricultural and food systems to climate change: An economic perspective. *American Journal of Agricultural Economics*, *92*(2), 356–368.",Climate change adaptation in agriculture,minimax_m25_230b_a10b,verified-with-error,,CONTAINS,MATCH,MATCH,CONTAINS,ABSENT,,,,,,,,,,,,,,,,,,,,,,,,,,,,,0.733,0.267
"Smit, B., & Skinner, M. (2002). Adaptation options in agriculture to climate change: A typology. *Mitigation and Adaptation Strategies for Global Change*, *7*(1), 85–114.",Climate change adaptation in agriculture,minimax_m25_230b_a10b,verified,,MATCH,MATCH,MATCH,MATCH,ABSENT,,,,,,,,,,,,,,,,,,,,,,,,,,,,,1.000,0.000
"Reidsma, P., Ewert, F., & Lansink, A. O. (2015). Adapting to climate change: The use of climate change scenarios by farmers. *Agricultural Systems*, *139*, 1–10.",Climate change adaptation in agriculture,minimax_m25_230b_a10b,unverified,,CONTRADICTION,CONTRADICTION,MATCH,MATCH,ABSENT,,,,,,,,,,,,,,,,,,,,,,,,,,,,,0.000,1.000
"IPCC. (2014). *Climate change 2014: Impacts, adaptation, and vulnerability. Part A: Global and sectoral aspects.* Contribution of Working Group II to the Fifth Assessment Report of the Intergovernmental Panel on Climate Change. Cambridge University Press.",Climate change adaptation in agriculture,minimax_m25_230b_a10b,verified,,MATCH,MATCH,MATCH,MATCH,ABSENT,,,,,,,,,,,,,,,,,,,,,,,,,,,,,1.000,0.000
Food and Agriculture Organization of the United Nations. (2016). *Climate change adaptation in agriculture: Challenges and opportunities.* FAO.,Climate change adaptation in agriculture,minimax_m25_230b_a10b,unverified,,CONTRADICTION,MATCH,UNCONFIRMED,MATCH,ABSENT,,,,,,,,,,,,,,,,,,,,,,,,,,,,,0.133,0.867
"World Bank. (2011). *Climate‑smart agriculture: A synthesis of the evidence.* Washington, DC: World Bank.",Climate change adaptation in agriculture,minimax_m25_230b_a10b,unverified,,CONTAINS,CONTRADICTION,MATCH,CONTRADICTION,ABSENT,,,,,,,,,,,,,,,,,,,,,,,,,,,,,0.000,1.000
"Alam, M. (2018). *Climate change adaptation strategies for rainfed agriculture in South Asia* (Doctoral dissertation). University of Queensland.",Climate change adaptation in agriculture,minimax_m25_230b_a10b,unverified,,CONTRADICTION,CONTRADICTION,CONTRADICTION,CONTRADICTION,ABSENT,,,,,,,,,,,,,,,,,,,,,,,,,,,,,0.000,1.000
"Kato, E., et al. (2019). Climate change adaptation in agriculture: Lessons from case studies in Africa. In *Proceedings of the 5th International Conference on Climate Change Adaptation* (pp. 45–52). Springer.",Climate change adaptation in agriculture,minimax_m25_230b_a10b,unverified,,CONTRADICTION,MATCH,CONTRADICTION,CONTRADICTION,ABSENT,,,,,,,,,,,,,,,,,,,,,,,,,,,,,0.000,1.000
"Lipper, L., Thornton, P., Campbell, B. M., & Torquebiau, E. (2014). Climate‑smart agriculture for food security. Nature Climate Change, 4(12), 1068–1072.",Climate-smart agriculture for smallholder farmers,minimax_m25_230b_a10b,verified,,MATCH,CONTAINS,MATCH,MATCH,ABSENT,,,,,,,,,,,,,,,,,,,,,,,,,,,,,0.867,0.133
"Harvey, C. A., Chabdz, L., & Kline, K. (2014). Climate‑smart agriculture: Smallholder adoption and implications for adaptation and mitigation. World Development, 64, S79–S90.",Climate-smart agriculture for smallholder farmers,minimax_m25_230b_a10b,needs-human,,CONTAINS,CONTAINS,CONTRADICTION,UNCONFIRMED,ABSENT,,,,,,,,,,,,,,,,,,,,,,,,,,,,,0.100,0.900
"Rosenstock, T. S., Lamanna, C., & Chesterman, S. (2016). The scientific basis of climate‑smart agriculture: A systematic review. Environmental Research Letters, 11(9), 094001.",Climate-smart agriculture for smallholder farmers,minimax_m25_230b_a10b,needs-human,,CONTAINS,CONTAINS,MATCH,CONTRADICTION,ABSENT,,,,,,,,,,,,,,,,,,,,,,,,,,,,,0.300,0.700
"Mwongera, C., Shikuku, K. M., Okolo, W., & Kinyangi, J. (2017). Climate‑smart agriculture and smallholder farmers: A review. Food Security, 9(5), 1045–1061.",Climate-smart agriculture for smallholder farmers,minimax_m25_230b_a10b,unverified,,CONTRADICTION,CONTRADICTION,MATCH,CONTRADICTION,ABSENT,,,,,,,,,,,,,,,,,,,,,,,,,,,,,0.000,1.000
"Thornton, P. K., & Herrero, M. (2015). Climate change, adaptation and smallholder agriculture: A framing paper. Agricultural Systems, 132, 123–132.",Climate-smart agriculture for smallholder farmers,minimax_m25_230b_a10b,unverified,,UNCONFIRMED,UNCONFIRMED,UNCONFIRMED,UNCONFIRMED,UNCONFIRMED,,,,,,,,,,,,,,,,,,,,,,,,,,,,,0.000,1.000
"Asfaw, S., Daidone, S., Davis, B., & Dutilly, C. (2016). Climate‑smart agriculture and rural poverty: Evidence from east Africa. Journal of Rural Studies, 47, 73–85.",Climate-smart agriculture for smallholder farmers,minimax_m25_230b_a10b,needs-human,,CONTAINS,UNCONFIRMED,CONTRADICTION,CONTAINS,ABSENT,,,,,,,,,,,,,,,,,,,,,,,,,,,,,0.067,0.933
"Vermeulen, S. J., Aggarwal, P. K., Ainslie, A., et al. (2018). Options for support to climate‑smart agriculture in Africa. Agricultural Systems, 162, 10–19.",Climate-smart agriculture for smallholder farmers,minimax_m25_230b_a10b,unverified,,CONTRADICTION,CONTRADICTION,CONTAINS,MATCH,ABSENT,,,,,,,,,,,,,,,,,,,,,,,,,,,,,0.000,1.000
"Wreford, A., & Arnold, S. (2017). Climate‑smart agriculture: Progress and constraints in Europe. Journal of Agricultural Science, 155(7), 1109–1123.",Climate-smart agriculture for smallholder farmers,minimax_m25_230b_a10b,unverified,,CONTRADICTION,CONTRADICTION,CONTRADICTION,CONTRADICTION,ABSENT,,,,,,,,,,,,,,,,,,,,,,,,,,,,,0.000,1.000
"Pan, Y., Zhang, X., & Liu, J. (2020). Climate‑smart agriculture in China: A review. Advances in Agronomy, 161, 101–138.",Climate-smart agriculture for smallholder farmers,minimax_m25_230b_a10b,needs-human,,CONTAINS,CONTAINS,UNCONFIRMED,CONTRADICTION,ABSENT,,,,,,,,,,,,,,,,,,,,,,,,,,,,,0.100,0.900
"Sseguya, H., & Kimenyi, M. (2019). Climate‑smart agriculture adoption and productivity among smallholders: Evidence from Uganda. Journal of Development Studies, 55(8), 1705–1722.",Climate-smart agriculture for smallholder farmers,minimax_m25_230b_a10b,unverified,,CONTAINS,CONTRADICTION,UNCONFIRMED,UNCONFIRMED,ABSENT,,,,,,,,,,,,,,,,,,,,,,,,,,,,,0.000,1.000
"Blais, A. (2006). What affects voter turnout? *Annual Review of Political Science*, *9*, 111‑125.",Democratic elections,minimax_m25_230b_a10b,verified,,MATCH,MATCH,CONTAINS,MATCH,ABSENT,,,,,,,,,,,,,,,,,,,,,,,,,,,,,0.900,0.100
"Norris, P. (2014). Why electoral integrity matters. *Political Science Quarterly*, *129*(2), 231‑246.",Democratic elections,minimax_m25_230b_a10b,verified,,MATCH,MATCH,MATCH,CONTAINS,ABSENT,,,,,,,,,,,,,,,,,,,,,,,,,,,,,0.900,0.100
"Lijphart, A. (1997). Unequal participation: The democratic gap. *American Political Science Review*, *91*(2), 389‑406.",Democratic elections,minimax_m25_230b_a10b,verified-with-error,,CONTAINS,MATCH,MATCH,MATCH,ABSENT,,,,,,,,,,,,,,,,,,,,,,,,,,,,,0.833,0.167
"Hicken, A., & Keefer, P. (2019). Electoral integrity and democratic governance: Evidence from a new dataset. *Journal of Democracy*, *30*(3), 122‑138.",Democratic elections,minimax_m25_230b_a10b,unverified,,CONTRADICTION,CONTAINS,CONTRADICTION,CONTRADICTION,ABSENT,,,,,,,,,,,,,,,,,,,,,,,,,,,,,0.000,1.000
"Farrell, D. M., & McAllister, I. (2010). Voter turnout and the electoral cycle: A comparative perspective. *Electoral Studies*, *29*(2), 239‑249.",Democratic elections,minimax_m25_230b_a10b,unverified,,CONTRADICTION,CONTRADICTION,MATCH,CONTRADICTION,ABSENT,,,,,,,,,,,,,,,,,,,,,,,,,,,,,0.000,1.000
"Birch, S. (2010). Electoral fraud and the politics of counting. *Political Research Quarterly*, *63*(4), 777‑792.",Democratic elections,minimax_m25_230b_a10b,unverified,,UNCONFIRMED,UNCONFIRMED,UNCONFIRMED,UNCONFIRMED,UNCONFIRMED,,,,,,,,,,,,,,,,,,,,,,,,,,,,,0.000,1.000
International Institute for Democracy and Electoral Assistance. (2021). *Voter turnout in democratic elections: A global perspective* (Tech. Rep. No. 2021‑04). International Institute for Democracy and Electoral Assistance.,Democratic elections,minimax_m25_230b_a10b,unverified,,UNCONFIRMED,UNCONFIRMED,UNCONFIRMED,UNCONFIRMED,UNCONFIRMED,,,,,,,,,,,,,,,,,,,,,,,,,,,,,0.000,1.000
"Reynolds, A. (2019). Electoral systems and democratic representation: Comparative evidence from sub‑Saharan Africa. In *Proceedings of the 2019 APSA Annual Meeting* (pp. 1‑15).",Democratic elections,minimax_m25_230b_a10b,unverified,,CONTRADICTION,MATCH,CONTRADICTION,CONTRADICTION,ABSENT,,,,,,,,,,,,,,,,,,,,,,,,,,,,,0.000,1.000
"Herron, E. S. (2017). *Campaign finance and democratic elections: Evidence from the United States* [Doctoral dissertation, University of Michigan].",Democratic elections,minimax_m25_230b_a10b,unverified,,CONTRADICTION,CONTRADICTION,CONTRADICTION,ABSENT,ABSENT,,,,,,,,,,,,,,,,,,,,,,,,,,,,,0.000,1.000
"Norris, P., & Grömping, M. (2020). The politics of election administration: Lessons for democratic legitimacy. *Public Administration Review*, *80*(4), 591‑603.",Democratic elections,minimax_m25_230b_a10b,unverified,,CONTRADICTION,CONTAINS,CONTAINS,CONTRADICTION,ABSENT,,,,,,,,,,,,,,,,,,,,,,,,,,,,,0.000,1.000
"Suri, T., & Jack, W. (2016). The impact of mobile money on financial inclusion in Kenya. Science, 351(6281), 143–146.",Digital financial services,minimax_m25_230b_a10b,unverified,,CONTRADICTION,UNCONFIRMED,UNCONFIRMED,UNCONFIRMED,ABSENT,,,,,,,,,,,,,,,,,,,,,,,,,,,,,0.000,1.000
"Demirgüç‑Kunt, A., & Klapper, L. F. (2012). Financial inclusion in Africa: An overview. African Development Bank.",Digital financial services,minimax_m25_230b_a10b,verified-with-error,,MATCH,MATCH,MATCH,CONTRADICTION,ABSENT,,,,,,,,,,,,,,,,,,,,,,,,,,,,,0.600,0.400
CGAP. (2017). Digital financial services: Global trends and market segmentation. Consultative Group to Assist the Poor.,Digital financial services,minimax_m25_230b_a10b,needs-human,,CONTRADICTION,MATCH,MATCH,CONTAINS,ABSENT,,,,,,,,,,,,,,,,,,,,,,,,,,,,,0.233,0.767
"Aker, J. C., Boumnijel, R., McClure, A., & Zabre, H. (2016). Mobile money, food security, and resilience: Evidence from the Democratic Republic of Congo. World Development, 84, 69–79.",Digital financial services,minimax_m25_230b_a10b,unverified,,CONTRADICTION,CONTRADICTION,MATCH,UNCONFIRMED,ABSENT,,,,,,,,,,,,,,,,,,,,,,,,,,,,,0.000,1.000
"Jack, W., & Suri, T. (2014). Risk sharing and transaction costs: Evidence from Kenya's mobile money revolution. American Economic Review, 104(1), 183–223.",Digital financial services,minimax_m25_230b_a10b,verified-with-error,,CONTAINS,MATCH,MATCH,MATCH,ABSENT,,,,,,,,,,,,,,,,,,,,,,,,,,,,,0.833,0.167
"Zetzsche, D. A., Arner, D. W., & Buckley, R. P. (2020). The rise of FinTech and the implications for financial regulation. Journal of Financial Regulation, 6(2), 179–211.",Digital financial services,minimax_m25_230b_a10b,unverified,,CONTRADICTION,MATCH,CONTRADICTION,MATCH,ABSENT,,,,,,,,,,,,,,,,,,,,,,,,,,,,,0.000,1.000
"Lee, I., & Shin, Y. J. (2018). Fintech: Ecosystem, business models, investment decisions, and challenges. Business Horizons, 61(1), 35–46.",Digital financial services,minimax_m25_230b_a10b,verified,,MATCH,MATCH,CONTAINS,MATCH,ABSENT,,,,,,,,,,,,,,,,,,,,,,,,,,,,,0.900,0.100
"Kshetri, N., & Voas, J. (2018). The impact of digital financial services on financial inclusion: A conceptual analysis. Information Systems Frontiers, 20(5), 989–1002.",Digital financial services,minimax_m25_230b_a10b,unverified,,UNCONFIRMED,UNCONFIRMED,UNCONFIRMED,UNCONFIRMED,UNCONFIRMED,,,,,,,,,,,,,,,,,,,,,,,,,,,,,0.000,1.000
"Beck, T., Pamuk, H., & Ramrathan, R. (2018). Mobile money, savings, and credit: Evidence from Kenya. Journal of African Economies, 27(1), 84–111.",Digital financial services,minimax_m25_230b_a10b,unverified,,CONTRADICTION,CONTAINS,CONTRADICTION,CONTAINS,ABSENT,,,,,,,,,,,,,,,,,,,,,,,,,,,,,0.000,1.000
"Lyman, T., & Kopenen, T. (2021). Digital financial services and financial inclusion in low‑ and middle‑income countries: A systematic review. Journal of Financial Inclusion, 9(2), 1–22.",Digital financial services,minimax_m25_230b_a10b,unverified,,CONTRADICTION,CONTRADICTION,MATCH,CONTRADICTION,ABSENT,,,,,,,,,,,,,,,,,,,,,,,,,,,,,0.000,1.000
"Romer, P. M. (1990). Endogenous technological change. Journal of Political Economy, 98(5), S71–S102.",Economics,minimax_m25_230b_a10b,verified,,MATCH,MATCH,MATCH,MATCH,ABSENT,,,,,,,,,,,,,,,,,,,,,,,,,,,,,1.000,0.000
"Solow, R. M. (1956). A contribution to the theory of economic growth. The Quarterly Journal of Economics, 70(1), 65–94.",Economics,minimax_m25_230b_a10b,verified,,MATCH,MATCH,MATCH,MATCH,ABSENT,,,,,,,,,,,,,,,,,,,,,,,,,,,,,1.000,0.000
"Mankiw, N. G., Romer, D., & Weil, D. N. (1992). A contribution to the empirics of economic growth. The Quarterly Journal of Economics, 107(2), 407–437.",Economics,minimax_m25_230b_a10b,verified,,MATCH,MATCH,MATCH,MATCH,ABSENT,,,,,,,,,,,,,,,,,,,,,,,,,,,,,1.000,0.000
"Kahneman, D., & Tversky, A. (1979). Prospect theory: An analysis of decision under risk. Econometrica, 47(2), 263–291.",Economics,minimax_m25_230b_a10b,verified,,MATCH,MATCH,MATCH,MATCH,ABSENT,,,,,,,,,,,,,,,,,,,,,,,,,,,,,1.000,0.000
"Aghion, P., & Howitt, P. (1992). A model of growth through creative destruction. Econometrica, 60(2), 323–351.",Economics,minimax_m25_230b_a10b,verified,,MATCH,MATCH,MATCH,MATCH,ABSENT,,,,,,,,,,,,,,,,,,,,,,,,,,,,,1.000,0.000
"Blanchard, O., & Kiyotaki, N. (1987). Monopolistic competition and the effects of aggregate demand. American Economic Review, 77(4), 647–666.",Economics,minimax_m25_230b_a10b,verified,,MATCH,MATCH,MATCH,MATCH,ABSENT,,,,,,,,,,,,,,,,,,,,,,,,,,,,,1.000,0.000
"Stiglitz, J. E., & Weiss, A. (1981). Credit rationing in markets with imperfect information. American Economic Review, 71(3), 393–410.",Economics,minimax_m25_230b_a10b,verified,,MATCH,MATCH,MATCH,MATCH,ABSENT,,,,,,,,,,,,,,,,,,,,,,,,,,,,,1.000,0.000
"Barro, R. J., & Sala-i-Martin, X. (1992). Convergence. Journal of Political Economy, 100(2), 223–251.",Economics,minimax_m25_230b_a10b,verified,,MATCH,CONTAINS,MATCH,MATCH,ABSENT,,,,,,,,,,,,,,,,,,,,,,,,,,,,,0.867,0.133
World Bank. (2018). World Development Report 2018: Learning to realize education's potential. World Bank.,Economics,minimax_m25_230b_a10b,verified-with-error,,MATCH,MATCH,UNCONFIRMED,UNCONFIRMED,ABSENT,,,,,,,,,,,,,,,,,,,,,,,,,,,,,0.600,0.400
"Card, D. (1995). The effect of unions on the structure of wages: A longitudinal analysis of a panel of data (NBER Working Paper No. 5316). National Bureau of Economic Research.",Economics,minimax_m25_230b_a10b,needs-human,,CONTAINS,MATCH,CONTAINS,CONTRADICTION,ABSENT,,,,,,,,,,,,,,,,,,,,,,,,,,,,,0.333,0.667
"World Health Organization. (2003). *The World Health Report 2003: Shaping the future*. Geneva, Switzerland: WHO Press.",Health,minimax_m25_230b_a10b,verified,,MATCH,MATCH,MATCH,CONTAINS,ABSENT,,,,,,,,,,,,,,,,,,,,,,,,,,,,,0.900,0.100
"Marmot, M. (2005). Social determinants of health inequalities. *The Lancet*, *365*(9464), 1099–1104. https://doi.org/10.1016/S0140-6736(05)71146-6",Health,minimax_m25_230b_a10b,verified,,MATCH,MATCH,MATCH,MATCH,MATCH,,,,,,,,,,,,,,,,,,,,,,,,,,,,,1.000,0.000
"Mokdad, A. H., Marks, J. S., Stroup, D. F., & Gerberding, J. L. (2004). Actual causes of death in the United States. *JAMA*, *291*(10), 1238–1245. https://doi.org/10.1001/jama.291.10.1238",Health,minimax_m25_230b_a10b,verified,,CONTAINS,MATCH,MATCH,MATCH,MATCH,,,,,,,,,,,,,,,,,,,,,,,,,,,,,0.875,0.125
"Bloom, D. E., Canning, D., & Weston, M. (2005). The value of vaccination. *World Economy*, *8*(2), 191–214. https://doi.org/10.1111/j.1748-0418.2005.00010.x",Health,minimax_m25_230b_a10b,unverified,,MATCH,CONTAINS,CONTRADICTION,CONTRADICTION,CONTRADICTION,,,,,,,,,,,,,,,,,,,,,,,,,,,,,0.000,1.000
"Kruk, M. E., Gage, A. D., Arsenault, C., Jordan, K., Leslie, H. H., Roder‑DeWan, S., … & Pate, M. (2018). High‑quality health systems in the Sustainable Development Goals era: Time for a revolution. *The Lancet Global Health*, *6*(11), e1196–e1252. https://doi.org/10.1016/S2214-109X(18)30357-X",Health,minimax_m25_230b_a10b,verified,,MATCH,CONTAINS,MATCH,MATCH,UNCONFIRMED,,,,,,,,,,,,,,,,,,,,,,,,,,,,,0.650,0.350
"Wang, H., Torres, L. V., & Travis, P. (2020). Global health expenditures and universal health coverage: A systematic review. *Health Policy*, *123*(11), 1045–1055. https://doi.org/10.1016/j.healthpol.2020.07.003",Health,minimax_m25_230b_a10b,needs-human,,CONTRADICTION,CONTRADICTION,MATCH,MATCH,MATCH,,,,,,,,,,,,,,,,,,,,,,,,,,,,,0.100,0.900
"Atun, R., de Andrade, L. O., Almeida, G., Cotlear, D., Dmytraczenko, T., Frenz, P., … & Wagstaff, A. (2015). Health system reforms and the role of the private sector. *Health Policy and Planning*, *30*(4), 499–508. https://doi.org/10.1093/heapol/czu053",Health,minimax_m25_230b_a10b,needs-human,,CONTRADICTION,CONTRADICTION,CONTAINS,MATCH,MATCH,,,,,,,,,,,,,,,,,,,,,,,,,,,,,0.025,0.975
"Murray, C. J., & Lopez, A. D. (1996). Evidence‑based health policy—lessons from the Global Burden of Disease Study. *Science*, *274*(5288), 740–743. https://doi.org/10.1126/science.274.5288.740",Health,minimax_m25_230b_a10b,verified,,MATCH,MATCH,MATCH,MATCH,MATCH,,,,,,,,,,,,,,,,,,,,,,,,,,,,,1.000,0.000
"U.S. Department of Health and Human Services. (2020). *Healthy People 2030: Framework*. Washington, DC: U.S. Department of Health and Human Services.",Health,minimax_m25_230b_a10b,needs-human,,MATCH,CONTRADICTION,UNCONFIRMED,CONTAINS,ABSENT,,,,,,,,,,,,,,,,,,,,,,,,,,,,,0.167,0.833
"Hernandez, A. (2021). *The impact of social determinants on health outcomes in elderly populations* (Doctoral dissertation). University of Michigan.",Health,minimax_m25_230b_a10b,unverified,,CONTRADICTION,CONTRADICTION,CONTAINS,CONTRADICTION,ABSENT,,,,,,,,,,,,,,,,,,,,,,,,,,,,,0.000,1.000
"Woolhouse, M. E., & Haydon, D. T. (2005). Emerging pathogens: the epidemiology of disease emergence. Nature Reviews Microbiology, 3(12), 919‑925.",Infectious disease,minimax_m25_230b_a10b,unverified,,CONTRADICTION,CONTAINS,MATCH,CONTRADICTION,ABSENT,,,,,,,,,,,,,,,,,,,,,,,,,,,,,0.000,1.000
"Fauci, A. S., & Morens, D. M. (2012). The perpetual challenge of infectious diseases. New England Journal of Medicine, 366(5), 454‑461.",Infectious disease,minimax_m25_230b_a10b,verified,,MATCH,MATCH,MATCH,MATCH,ABSENT,,,,,,,,,,,,,,,,,,,,,,,,,,,,,1.000,0.000
"Huang, C., et al. (2020). Clinical features of patients infected with 2019 novel coronavirus in Wuhan, China. The Lancet, 395(10223), 497‑506.",Infectious disease,minimax_m25_230b_a10b,verified,,MATCH,MATCH,MATCH,MATCH,ABSENT,,,,,,,,,,,,,,,,,,,,,,,,,,,,,1.000,0.000
"Zhou, P., et al. (2020). A pneumonia outbreak associated with a new coronavirus of probable bat origin. The Lancet, 395(10224), 565‑574.",Infectious disease,minimax_m25_230b_a10b,verified-with-error,,MATCH,MATCH,MATCH,CONTRADICTION,ABSENT,,,,,,,,,,,,,,,,,,,,,,,,,,,,,0.600,0.400
"Lauer, S. A., et al. (2020). The incubation period of coronavirus disease 2019 (COVID‑19) from publicly reported confirmed cases: Estimation and analysis. Annals of Internal Medicine, 172(9), 577‑582.",Infectious disease,minimax_m25_230b_a10b,verified-with-error,,CONTAINS,MATCH,MATCH,MATCH,ABSENT,,,,,,,,,,,,,,,,,,,,,,,,,,,,,0.833,0.167
World Health Organization. (2020). Report of the WHO‑China Joint Mission on Coronavirus Disease 2019. World Health Organization.,Infectious disease,minimax_m25_230b_a10b,verified,,MATCH,MATCH,MATCH,MATCH,ABSENT,,,,,,,,,,,,,,,,,,,,,,,,,,,,,1.000,0.000
"Davies, J., & Davies, D. (2010). Origins and evolution of antibiotic resistance. Microbiology and Molecular Biology Reviews, 74(3), 417‑433.",Infectious disease,minimax_m25_230b_a10b,verified,,MATCH,MATCH,MATCH,MATCH,ABSENT,,,,,,,,,,,,,,,,,,,,,,,,,,,,,1.000,0.000
"Antimicrobial Resistance Collaborators. (2022). Global burden of bacterial antimicrobial resistance in 2019: a systematic analysis. The Lancet, 399(10296), 629‑655.",Infectious disease,minimax_m25_230b_a10b,verified,,MATCH,CONTAINS,MATCH,MATCH,ABSENT,,,,,,,,,,,,,,,,,,,,,,,,,,,,,0.867,0.133
"Pavlov, A., & Brown, C. (2019). Vector‑borne diseases in a changing climate. Annual Review of Entomology, 64, 287‑306.",Infectious disease,minimax_m25_230b_a10b,needs-human,,CONTAINS,CONTAINS,CONTAINS,CONTRADICTION,ABSENT,,,,,,,,,,,,,,,,,,,,,,,,,,,,,0.200,0.800
Joint United Nations Programme on HIV/AIDS (UNAIDS). (2021). Global AIDS update 2021. Joint United Nations Programme on HIV/AIDS.,Infectious disease,minimax_m25_230b_a10b,verified-with-error,,CONTAINS,MATCH,MATCH,MATCH,ABSENT,,,,,,,,,,,,,,,,,,,,,,,,,,,,,0.833,0.167
World Health Organization. (2020). World malaria report 2020. World Health Organization.,Insecticide-treated bed nets for malaria,minimax_m25_230b_a10b,verified,,MATCH,MATCH,MATCH,MATCH,ABSENT,,,,,,,,,,,,,,,,,,,,,,,,,,,,,1.000,0.000
"Lengeler, C. (2004). Insecticide‑treated bed nets and curtains for preventing malaria. The Cochrane Database of Systematic Reviews, (2), CD000363.",Insecticide-treated bed nets for malaria,minimax_m25_230b_a10b,verified,,MATCH,MATCH,MATCH,MATCH,ABSENT,,,,,,,,,,,,,,,,,,,,,,,,,,,,,1.000,0.000
"Gimnig, J. E., Vulule, J. M., Lo, T., Kamau, L., Walker, E. D., & Hawley, W. A. (2005). Impact of permethrin‑treated bed nets on malaria incidence and entomologic indices in Kenya. American Journal of Tropical Medicine and Hygiene, 73(3), 466–472.",Insecticide-treated bed nets for malaria,minimax_m25_230b_a10b,unverified,,CONTRADICTION,MATCH,CONTRADICTION,MATCH,ABSENT,,,,,,,,,,,,,,,,,,,,,,,,,,,,,0.000,1.000
"Killeen, G. F., Smith, T. A., & Ferguson, H. M. (2007). Preventing childhood malaria in Africa by protecting infants with insecticide‑treated nets. Transactions of the Royal Society of Tropical Medicine and Hygiene, 101(9), 845–854.",Insecticide-treated bed nets for malaria,minimax_m25_230b_a10b,unverified,,CONTRADICTION,CONTAINS,MATCH,CONTRADICTION,ABSENT,,,,,,,,,,,,,,,,,,,,,,,,,,,,,0.000,1.000
"Rowland, M., Durrani, N., Hewitt, S., & Mohammed, N. (2003). Randomised controlled trial of insecticide‑treated nets for malaria prevention in Afghanistan. The Lancet, 362(9377), 107–114.",Insecticide-treated bed nets for malaria,minimax_m25_230b_a10b,unverified,,CONTRADICTION,CONTRADICTION,CONTRADICTION,CONTRADICTION,ABSENT,,,,,,,,,,,,,,,,,,,,,,,,,,,,,0.000,1.000
"Moyou‑Somo, R., Smith, T., & Gu, W. (2013). Effectiveness of insecticide‑treated nets and indoor residual spraying for malaria control in Ghana: A cluster‑randomised trial. Malaria Journal, 12, 238.",Insecticide-treated bed nets for malaria,minimax_m25_230b_a10b,unverified,,UNCONFIRMED,UNCONFIRMED,UNCONFIRMED,UNCONFIRMED,UNCONFIRMED,,,,,,,,,,,,,,,,,,,,,,,,,,,,,0.000,1.000
"Tukei, B., Karanja, J., & Watsierah, C. (2020). Durability of long‑lasting insecticidal nets in Tanzania: A prospective cohort study. Parasites & Vectors, 13, 572.",Insecticide-treated bed nets for malaria,minimax_m25_230b_a10b,unverified,,CONTRADICTION,CONTRADICTION,MATCH,CONTAINS,ABSENT,,,,,,,,,,,,,,,,,,,,,,,,,,,,,0.000,1.000
"Russell, T. L., Lwetoijera, D. W., Malede, A., Kaindhula, N., & Smith, D. L. (2021). Effectiveness of dual‑active ingredient insecticide‑treated nets for malaria control in Tanzania: A cluster‑randomised controlled trial. The Lancet, 398(10313), 1595–1604.",Insecticide-treated bed nets for malaria,minimax_m25_230b_a10b,unverified,,CONTRADICTION,CONTRADICTION,CONTRADICTION,CONTRADICTION,ABSENT,,,,,,,,,,,,,,,,,,,,,,,,,,,,,0.000,1.000
"Ndiath, M., Faye, B., & Ouedraogo, J. (2012). Systematic review of the integrated approach to malaria control using insecticide‑treated nets and indoor residual spraying. Malaria Journal, 11, 258.",Insecticide-treated bed nets for malaria,minimax_m25_230b_a10b,unverified,,CONTRADICTION,CONTRADICTION,CONTAINS,MATCH,ABSENT,,,,,,,,,,,,,,,,,,,,,,,,,,,,,0.000,1.000
"Nosten, F., & ter Kuile, F. (2006). Insecticide‑treated nets for malaria prevention in pregnancy: A randomised controlled trial. The Lancet, 367(9515), 1195–1201.",Insecticide-treated bed nets for malaria,minimax_m25_230b_a10b,unverified,,CONTRADICTION,CONTRADICTION,CONTAINS,CONTRADICTION,ABSENT,,,,,,,,,,,,,,,,,,,,,,,,,,,,,0.000,1.000
"Zeller, M. (1998). Determinants of repayment performance in group‑based credit programmes: Evidence from Madagascar. Journal of Development Economics, 55(2), 273–296.",Microfinance loan repayment,minimax_m25_230b_a10b,needs-human,,CONTAINS,MATCH,MATCH,CONTRADICTION,ABSENT,,,,,,,,,,,,,,,,,,,,,,,,,,,,,0.433,0.567
"Pitt, M. M., & Khandker, S. R. (1998). The impact of group‑based credit programs on the poor in Bangladesh. Journal of Development Economics, 55(2), 313–339.",Microfinance loan repayment,minimax_m25_230b_a10b,needs-human,,CONTAINS,MATCH,MATCH,CONTRADICTION,ABSENT,,,,,,,,,,,,,,,,,,,,,,,,,,,,,0.433,0.567
"Khandker, S. R. (2005). Microfinance and poverty: Evidence using panel data from Bangladesh. The World Bank Economic Review, 19(2), 263–286.",Microfinance loan repayment,minimax_m25_230b_a10b,verified,,MATCH,MATCH,MATCH,MATCH,ABSENT,,,,,,,,,,,,,,,,,,,,,,,,,,,,,1.000,0.000
"Coleman, A. K. (2006). The impact of group lending on the repayment performance of micro‑borrowers: Evidence from Ghana. World Development, 34(9), 1618–1633.",Microfinance loan repayment,minimax_m25_230b_a10b,unverified,,UNCONFIRMED,UNCONFIRMED,UNCONFIRMED,UNCONFIRMED,UNCONFIRMED,,,,,,,,,,,,,,,,,,,,,,,,,,,,,0.000,1.000
"Mia, M. A. (2015). Determinants of loan repayment performance in microfinance institutions: Evidence from Bangladesh (Doctoral dissertation). University of Dhaka.",Microfinance loan repayment,minimax_m25_230b_a10b,unverified,,UNCONFIRMED,UNCONFIRMED,UNCONFIRMED,UNCONFIRMED,UNCONFIRMED,,,,,,,,,,,,,,,,,,,,,,,,,,,,,0.000,1.000
"Mekonnen, M., & Fekadu, B. (2014). Determinants of microfinance loan repayment: Evidence from Ethiopia. International Journal of Business and Social Science, 5(10), 125–134.",Microfinance loan repayment,minimax_m25_230b_a10b,unverified,,CONTAINS,CONTRADICTION,MATCH,CONTRADICTION,ABSENT,,,,,,,,,,,,,,,,,,,,,,,,,,,,,0.000,1.000
"Bhuiyan, A. B., & Siwar, C. (2012). Determinants of loan repayment performance: Empirical evidence from microfinance programmes in Bangladesh. Journal of Asian Social Science, 8(10), 55–65.",Microfinance loan repayment,minimax_m25_230b_a10b,unverified,,CONTRADICTION,UNCONFIRMED,UNCONFIRMED,UNCONFIRMED,ABSENT,,,,,,,,,,,,,,,,,,,,,,,,,,,,,0.000,1.000
"Nawai, N., & Shariff, M. N. (2012). Determinants of repayment performance in microfinance: Evidence from Malaysia. International Journal of Business and Management, 7(15), 70–81.",Microfinance loan repayment,minimax_m25_230b_a10b,needs-human,,CONTAINS,MATCH,CONTAINS,CONTRADICTION,ABSENT,,,,,,,,,,,,,,,,,,,,,,,,,,,,,0.333,0.667
"Mojica, E., & Wydick, B. (2003). Social capital and microenterprise performance: The role of group lending. World Development, 31(6), 1037–1051.",Microfinance loan repayment,minimax_m25_230b_a10b,unverified,,CONTRADICTION,CONTRADICTION,CONTRADICTION,CONTAINS,ABSENT,,,,,,,,,,,,,,,,,,,,,,,,,,,,,0.000,1.000
"Ahlin, C., & Jiang, N. (2008). Can microcredit bring lasting benefits? Evidence from a randomized control trial in Mongolia. Journal of Development Economics, 85(1‑2), 1–27.",Microfinance loan repayment,minimax_m25_230b_a10b,unverified,,CONTRADICTION,CONTRADICTION,CONTRADICTION,CONTRADICTION,ABSENT,,,,,,,,,,,,,,,,,,,,,,,,,,,,,0.000,1.000
"Kirubi, C., Jacobson, A., Kammen, D. M., & Mills, A. (2010). Community‑based electric microgrids: The potential of rural electrification in Kenya. Energy Policy, 38(5), 2420–2431.",Mini-grid electrification,minimax_m25_230b_a10b,needs-human,,CONTRADICTION,MATCH,CONTAINS,CONTAINS,ABSENT,,,,,,,,,,,,,,,,,,,,,,,,,,,,,0.133,0.867
"Alstone, P., Gnerre, M., & O'Neill, K. (2017). Learning from the first decade of distributed mini‑grids. Energy Policy, 109, 48–56.",Mini-grid electrification,minimax_m25_230b_a10b,unverified,,UNCONFIRMED,UNCONFIRMED,UNCONFIRMED,UNCONFIRMED,UNCONFIRMED,,,,,,,,,,,,,,,,,,,,,,,,,,,,,0.000,1.000
"Bhattacharyya, S. C. (2012). Mini‑grid based electrification in Bangladesh: A review of socio‑economic and technical aspects. Renewable and Sustainable Energy Reviews, 16(5), 2911–2924.",Mini-grid electrification,minimax_m25_230b_a10b,needs-human,,CONTAINS,MATCH,CONTRADICTION,CONTAINS,ABSENT,,,,,,,,,,,,,,,,,,,,,,,,,,,,,0.333,0.667
"Mandelli, S., Brivio, C., & Colombo, E. (2016). Designing off‑grid rural electrification systems: A review of the current state and future perspectives. Renewable and Sustainable Energy Reviews, 62, 476–492.",Mini-grid electrification,minimax_m25_230b_a10b,needs-human,,CONTRADICTION,CONTAINS,MATCH,CONTAINS,ABSENT,,,,,,,,,,,,,,,,,,,,,,,,,,,,,0.100,0.900
"Givisiez, A. G., Petrou, K., & Nguyen, K. (2020). A review of hybrid renewable mini‑grid systems for rural electrification. Renewable and Sustainable Energy Reviews, 123, Article 109760.",Mini-grid electrification,minimax_m25_230b_a10b,unverified,,CONTRADICTION,CONTRADICTION,CONTAINS,CONTAINS,ABSENT,,,,,,,,,,,,,,,,,,,,,,,,,,,,,0.000,1.000
"Szabó, S., Bódis, K., Huld, T., & Moner‑Girona, M. (2013). The role of renewable energy mini‑grids in rural electrification of developing countries. Renewable Energy, 57, 299–311.",Mini-grid electrification,minimax_m25_230b_a10b,unverified,,CONTRADICTION,MATCH,CONTRADICTION,CONTRADICTION,ABSENT,,,,,,,,,,,,,,,,,,,,,,,,,,,,,0.000,1.000
"Peters, J., & Sievert, M. (2019). Impacts of mini‑grid electrification on socioeconomic outcomes: Evidence from Uganda. Energy Policy, 134, Article 110945.",Mini-grid electrification,minimax_m25_230b_a10b,unverified,,CONTRADICTION,CONTRADICTION,MATCH,CONTRADICTION,ABSENT,,,,,,,,,,,,,,,,,,,,,,,,,,,,,0.000,1.000
International Renewable Energy Agency (IRENA). (2019). Renewable energy mini‑grids: Technical and market considerations. IRENA.,Mini-grid electrification,minimax_m25_230b_a10b,needs-human,,CONTRADICTION,CONTAINS,MATCH,MATCH,ABSENT,,,,,,,,,,,,,,,,,,,,,,,,,,,,,0.200,0.800
World Bank. (2018). Mini‑grids for rural electrification: An overview of the private‑sector approach (World Bank Technical Report No. 12345). World Bank.,Mini-grid electrification,minimax_m25_230b_a10b,needs-human,,CONTAINS,MATCH,UNCONFIRMED,CONTAINS,ABSENT,,,,,,,,,,,,,,,,,,,,,,,,,,,,,0.533,0.467
"Ahmed, S. (2020). Planning and optimization of renewable energy‑based mini‑grids for rural electrification (Doctoral dissertation). University of Cambridge.",Mini-grid electrification,minimax_m25_230b_a10b,unverified,,CONTRADICTION,CONTRADICTION,MATCH,CONTRADICTION,ABSENT,,,,,,,,,,,,,,,,,,,,,,,,,,,,,0.000,1.000
"Kim, J., & Lee, H. (2011). Determinants of adoption of mobile banking in Korea. *Electronic Commerce Research and Applications, 10*(5), 539–551.",Mobile banking,minimax_m25_230b_a10b,unverified,,CONTRADICTION,CONTRADICTION,CONTAINS,CONTAINS,ABSENT,,,,,,,,,,,,,,,,,,,,,,,,,,,,,0.000,1.000
"Choi, J., & Park, S. (2013). Understanding the acceptance of mobile banking services: An integrated model. *International Journal of Mobile Communications, 11*(2), 144–165.",Mobile banking,minimax_m25_230b_a10b,unverified,,CONTRADICTION,CONTRADICTION,CONTRADICTION,UNCONFIRMED,ABSENT,,,,,,,,,,,,,,,,,,,,,,,,,,,,,0.000,1.000
"Sung, T., & Park, J. (2012). The effect of trust on the adoption of mobile banking: Evidence from a developing country. *Journal of Financial Services Marketing, 17*(2), 124–134.",Mobile banking,minimax_m25_230b_a10b,unverified,,CONTRADICTION,CONTRADICTION,CONTAINS,CONTRADICTION,ABSENT,,,,,,,,,,,,,,,,,,,,,,,,,,,,,0.000,1.000
"Chen, C., & Chen, Y. (2014). Security and privacy concerns in mobile banking: A systematic review. *Information & Management, 51*(6), 819–831.",Mobile banking,minimax_m25_230b_a10b,unverified,,CONTRADICTION,UNCONFIRMED,UNCONFIRMED,UNCONFIRMED,ABSENT,,,,,,,,,,,,,,,,,,,,,,,,,,,,,0.000,1.000
"Das, S., & Sahoo, J. (2009). Mobile banking in India: Opportunities and challenges. In *Proceedings of the 2009 International Conference on Electronic Commerce and Web Technologies (ECWEB ’09)* (pp. 45–56). Springer.",Mobile banking,minimax_m25_230b_a10b,unverified,,CONTRADICTION,CONTRADICTION,CONTRADICTION,CONTRADICTION,ABSENT,,,,,,,,,,,,,,,,,,,,,,,,,,,,,0.000,1.000
"Mbiti, I., & Weil, D. N. (2011). *Mobile banking: The impact of M‑Pesa in Kenya* (NBER Working Paper No. 16427). National Bureau of Economic Research.",Mobile banking,minimax_m25_230b_a10b,verified,,MATCH,MATCH,MATCH,MATCH,ABSENT,,,,,,,,,,,,,,,,,,,,,,,,,,,,,1.000,0.000
"Angafor, G., & Okunoye, A. (2010). M‑banking adoption and usage in Nigeria: A case study of the Zenith Bank mobile service. In *Proceedings of the 2010 ACM International Conference on Wireless and Mobile Computing (WiMob ’10)* (pp. 312–317). ACM.",Mobile banking,minimax_m25_230b_a10b,unverified,,CONTAINS,UNCONFIRMED,UNCONFIRMED,UNCONFIRMED,ABSENT,,,,,,,,,,,,,,,,,,,,,,,,,,,,,0.167,0.833
"Lee, K. (2015). *The role of perceived risk and perceived usefulness in mobile banking adoption: A study of U.S. consumers* (Doctoral dissertation). University of Texas at Austin.",Mobile banking,minimax_m25_230b_a10b,unverified,,CONTRADICTION,UNCONFIRMED,UNCONFIRMED,CONTRADICTION,ABSENT,,,,,,,,,,,,,,,,,,,,,,,,,,,,,0.000,1.000
"Gaur, S., & Onta, S. (2016). A structural model of mobile banking adoption in Nepal. *Journal of Retailing and Consumer Services, 33*, 112–122.",Mobile banking,minimax_m25_230b_a10b,unverified,,CONTRADICTION,CONTRADICTION,CONTRADICTION,CONTRADICTION,ABSENT,,,,,,,,,,,,,,,,,,,,,,,,,,,,,0.000,1.000
"Zampal, M., & Bui, T. (2018). A cross‑country analysis of mobile banking adoption in Sub‑Saharan Africa. *International Journal of Bank Marketing, 36*(4), 730–748.",Mobile banking,minimax_m25_230b_a10b,unverified,,UNCONFIRMED,UNCONFIRMED,UNCONFIRMED,UNCONFIRMED,UNCONFIRMED,,,,,,,,,,,,,,,,,,,,,,,,,,,,,0.000,1.000
"Lipset, S. M. (1959). Some social requisites of democracy: Economic development and political legitimacy. *American Political Science Review*, *53*(1), 69–105.",Political Science,minimax_m25_230b_a10b,verified,,MATCH,MATCH,MATCH,MATCH,ABSENT,,,,,,,,,,,,,,,,,,,,,,,,,,,,,1.000,0.000
"Przeworski, A., & Limongi, F. (1997). Modernization: Theories and facts. *World Politics*, *49*(2), 155–183.",Political Science,minimax_m25_230b_a10b,verified,,MATCH,MATCH,MATCH,MATCH,ABSENT,,,,,,,,,,,,,,,,,,,,,,,,,,,,,1.000,0.000
"Kertzer, D. J., & Zeichner, A. (2015). Comparative study of electoral systems: Design and preliminary results. *Paper presented at the Annual Meeting of the American Political Science Association, San Francisco*.",Political Science,minimax_m25_230b_a10b,unverified,,UNCONFIRMED,UNCONFIRMED,UNCONFIRMED,UNCONFIRMED,UNCONFIRMED,,,,,,,,,,,,,,,,,,,,,,,,,,,,,0.000,1.000
World Bank. (2017). *World development report 2017: Governance and the law*. World Bank.,Political Science,minimax_m25_230b_a10b,verified,,MATCH,CONTAINS,MATCH,CONTAINS,ABSENT,,,,,,,,,,,,,,,,,,,,,,,,,,,,,0.767,0.233
"Norris, P. (2011). *Democratic deficit: Critical citizens revisited*. Cambridge University Press.",Political Science,minimax_m25_230b_a10b,verified,,MATCH,MATCH,MATCH,UNCONFIRMED,ABSENT,,,,,,,,,,,,,,,,,,,,,,,,,,,,,0.800,0.200
"Dalton, R. J. (2008). *Citizen politics: Public opinion and political parties in advanced industrial democracies*. CQ Press.",Political Science,minimax_m25_230b_a10b,verified-with-error,,MATCH,MATCH,CONTRADICTION,MATCH,ABSENT,,,,,,,,,,,,,,,,,,,,,,,,,,,,,0.600,0.400
"Lijphart, A. (1999). *Patterns of democracy: Government forms and performance in thirty‑six countries*. Yale University Press.",Political Science,minimax_m25_230b_a10b,verified,,MATCH,MATCH,MATCH,MATCH,ABSENT,,,,,,,,,,,,,,,,,,,,,,,,,,,,,1.000,0.000
"Levitsky, S., & Ziblatt, D. (2018). *How democracies die*. Crown Publishing.",Political Science,minimax_m25_230b_a10b,verified-with-error,,MATCH,MATCH,CONTRADICTION,UNCONFIRMED,ABSENT,,,,,,,,,,,,,,,,,,,,,,,,,,,,,0.400,0.600
"Geddes, B., Wright, J., & Frantz, E. (2018). *How dictatorships work: Power, personalization, and collapse*. Cambridge University Press.",Political Science,minimax_m25_230b_a10b,verified,,MATCH,MATCH,MATCH,MATCH,ABSENT,,,,,,,,,,,,,,,,,,,,,,,,,,,,,1.000,0.000
"Smith, R. D. (2019). *The effect of electoral rules on party system fragmentation* (Doctoral dissertation, University of Michigan).",Political Science,minimax_m25_230b_a10b,unverified,,CONTAINS,CONTRADICTION,MATCH,CONTRADICTION,ABSENT,,,,,,,,,,,,,,,,,,,,,,,,,,,,,0.000,1.000
"Armaroli, N., & Balzani, V. (2011). The future of solar energy: From photovoltaics to artificial photosynthesis. *Energy & Environmental Science*, *4*(9), 3193–3222. https://doi.org/10.1039/C0EE00676J",Renewable energy,minimax_m25_230b_a10b,unverified,,CONTRADICTION,UNCONFIRMED,UNCONFIRMED,UNCONFIRMED,UNCONFIRMED,,,,,,,,,,,,,,,,,,,,,,,,,,,,,0.000,1.000
"Jacobson, M. Z., & Delucchi, M. A. (2011). Providing all global energy with wind, water, and solar power, Part I: Technologies, energy resources, quantities and areas of infrastructure, and materials. *Energy Policy*, *39*(3), 1154–1169. https://doi.org/10.1016/j.enpol.2010.11.040",Renewable energy,minimax_m25_230b_a10b,verified,,MATCH,MATCH,CONTAINS,MATCH,MATCH,,,,,,,,,,,,,,,,,,,,,,,,,,,,,0.925,0.075
"Ellabban, O., Abu‑Rub, H., & Blaabjerg, F. (2014). Renewable energy resources: Current status, future prospects and their enabling technology. *Renewable and Sustainable Energy Reviews*, *39*, 748–764. https://doi.org/10.1016/j.rser.2014.07.113",Renewable energy,minimax_m25_230b_a10b,verified,,MATCH,MATCH,MATCH,MATCH,MATCH,,,,,,,,,,,,,,,,,,,,,,,,,,,,,1.000,0.000
International Renewable Energy Agency. (2020). *Global status report for renewable energy*. IRENA. https://www.irena.org/publications/2020/Oct/Global-Status-Report-Renewable-Energy,Renewable energy,minimax_m25_230b_a10b,unverified,,CONTAINS,CONTRADICTION,MATCH,CONTRADICTION,UNCONFIRMED,,,,,,,,,,,,,,,,,,,,,,,,,,,,,0.000,1.000
"Spertino, F., & Graditi, G. (2019). Solar photovoltaic installations: Design, operation, and maintenance. *IEEE Transactions on Industry Applications*, *55*(4), 3456–3467. https://doi.org/10.1109/TIA.2019.2914100",Renewable energy,minimax_m25_230b_a10b,needs-human,,CONTRADICTION,CONTRADICTION,MATCH,CONTAINS,UNCONFIRMED,,,,,,,,,,,,,,,,,,,,,,,,,,,,,0.000,1.000
"Kaldellis, J. K., & Zafirakis, D. (2011). The wind energy renewable: The challenge of integration in the Greek power system. *Renewable Energy*, *36*(9), 2505–2514. https://doi.org/10.1016/j.renene.2011.02.015",Renewable energy,minimax_m25_230b_a10b,needs-human,,CONTRADICTION,CONTRADICTION,MATCH,MATCH,MATCH,,,,,,,,,,,,,,,,,,,,,,,,,,,,,0.100,0.900
"Zhang, L., & Wang, H. (2020). Integration of offshore wind farms into power grids: Challenges and solutions. In *Proceedings of the 2020 International Conference on Wind Energy (ICWE 2020)* (pp. 312–319). IEEE. https://doi.org/10.1109/ICWE2020.9245678",Renewable energy,minimax_m25_230b_a10b,verified,,CONTAINS,CONTAINS,CONTAINS,MATCH,UNCONFIRMED,,,,,,,,,,,,,,,,,,,,,,,,,,,,,0.450,0.550
"Mohammadi, K., Nizami, S., & Gandomkar, M. (2018). A comprehensive review of solar energy systems: Technology, applications, and challenges. *Renewable and Sustainable Energy Reviews*, *91*, 306–332. https://doi.org/10.1016/j.rser.2018.03.082",Renewable energy,minimax_m25_230b_a10b,needs-human,,CONTRADICTION,CONTRADICTION,MATCH,MATCH,MATCH,,,,,,,,,,,,,,,,,,,,,,,,,,,,,0.100,0.900
"Al‑Sharji, S. (2019). *Optimization of hybrid renewable energy systems for remote areas* (Doctoral dissertation). University of Queensland. https://doi.org/10.14264/uql.2019.5",Renewable energy,minimax_m25_230b_a10b,needs-human,,CONTRADICTION,CONTRADICTION,CONTAINS,MATCH,MATCH,,,,,,,,,,,,,,,,,,,,,,,,,,,,,0.025,0.975
International Energy Agency. (2021). *World Energy Outlook 2021*. IEA. https://www.iea.org/reports/world-energy-outlook-2021,Renewable energy,minimax_m25_230b_a10b,verified,,MATCH,MATCH,MATCH,MATCH,MATCH,,,,,,,,,,,,,,,,,,,,,,,,,,,,,1.000,0.000
"Bhattacharyya, S. C. (2012). Rural electrification: A review of challenges and opportunities. *Energy Policy, 45*, 435–445. https://doi.org/10.1016/j.enpol.2012.02.021",Rural electrification,minimax_m25_230b_a10b,needs-human,,CONTRADICTION,CONTRADICTION,MATCH,MATCH,MATCH,,,,,,,,,,,,,,,,,,,,,,,,,,,,,0.100,0.900
"Kaygusuz, K. (2010). Energy for sustainable development: The role of renewable energy in rural electrification. *Renewable Energy, 35*(6), 1129–1138. https://doi.org/10.1016/j.renene.2009.11.016",Rural electrification,minimax_m25_230b_a10b,needs-human,,CONTRADICTION,CONTRADICTION,CONTAINS,MATCH,MATCH,,,,,,,,,,,,,,,,,,,,,,,,,,,,,0.025,0.975
"Jacobson, A. (2007). Connective power: Solar electrification and social transformation in rural Kenya. *Energy Policy, 35*(4), 2192–2201. https://doi.org/10.1016/j.enpol.2006.11.008",Rural electrification,minimax_m25_230b_a10b,needs-human,,CONTRADICTION,CONTRADICTION,CONTAINS,MATCH,MATCH,,,,,,,,,,,,,,,,,,,,,,,,,,,,,0.025,0.975
"Modi, V. (2006). Electricity and the environment: The impact of rural electrification. *The Energy Journal, 27*(4), 63–80. https://doi.org/10.5547/issn0195-6574-EJ-Vol27-No4-4",Rural electrification,minimax_m25_230b_a10b,needs-human,,CONTRADICTION,CONTRADICTION,MATCH,MATCH,MATCH,,,,,,,,,,,,,,,,,,,,,,,,,,,,,0.100,0.900
"Welsch, M., & Bazilian, M. (2013). The role of distributed generation in achieving sustainable rural electrification. *Renewable Energy, 58*, 147–156. https://doi.org/10.1016/j.renene.2013.02.024",Rural electrification,minimax_m25_230b_a10b,needs-human,,CONTRADICTION,CONTRADICTION,MATCH,MATCH,MATCH,,,,,,,,,,,,,,,,,,,,,,,,,,,,,0.100,0.900
"Cader, C., & Raugei, M. (2021). Techno‑economic assessment of hybrid mini‑grids for rural electrification: A systematic review. *Renewable and Sustainable Energy Reviews, 141*, 110789. https://doi.org/10.1016/j.rser.2021.110789",Rural electrification,minimax_m25_230b_a10b,needs-human,,CONTRADICTION,CONTRADICTION,MATCH,MATCH,MATCH,,,,,,,,,,,,,,,,,,,,,,,,,,,,,0.100,0.900
"Baring‑Gould, E. I., & Green, H. (2015). The impacts of rural electrification on education and health: Evidence from Uganda. *Energy for Sustainable Development, 28*, 56–65. https://doi.org/10.1016/j.esd.2015.04.003",Rural electrification,minimax_m25_230b_a10b,needs-human,,CONTRADICTION,CONTRADICTION,MATCH,MATCH,MATCH,,,,,,,,,,,,,,,,,,,,,,,,,,,,,0.100,0.900
"Nfah, E. M., & Ngundam, J. M. (2012). A review of off‑grid renewable energy options for rural electrification in Sub‑Saharan Africa. *Renewable Energy, 45*, 137–150. https://doi.org/10.1016/j.renene.2012.01.045",Rural electrification,minimax_m25_230b_a10b,needs-human,,CONTRADICTION,CONTRADICTION,MATCH,MATCH,MATCH,,,,,,,,,,,,,,,,,,,,,,,,,,,,,0.100,0.900
"Groh, S., & von Gleich, A. (2014). Electricity access and rural development: Review of the literature. *Energy Policy, 73*, 190–197. https://doi.org/10.1016/j.enpol.2014.05.019",Rural electrification,minimax_m25_230b_a10b,needs-human,,CONTRADICTION,CONTRADICTION,MATCH,MATCH,MATCH,,,,,,,,,,,,,,,,,,,,,,,,,,,,,0.100,0.900
"Chaurey, A., & Kandpal, T. C. (2010). A comprehensive assessment of solar photovoltaic technologies for rural electrification. *Renewable and Sustainable Energy Reviews, 14*(2), 755–766. https://doi.org/10.1016/j.rser.2009.10.008",Rural electrification,minimax_m25_230b_a10b,needs-human,,CONTRADICTION,CONTRADICTION,CONTAINS,MATCH,MATCH,,,,,,,,,,,,,,,,,,,,,,,,,,,,,0.025,0.975
"Lehr, C. A., & Johnson, D. (2007). A model for preventing dropout in rural schools. The Rural Educator, 29(1), 22–34.",School dropout prevention programs in rural areas,minimax_m25_230b_a10b,unverified,,CONTRADICTION,UNCONFIRMED,UNCONFIRMED,UNCONFIRMED,ABSENT,,,,,,,,,,,,,,,,,,,,,,,,,,,,,0.000,1.000
"Somers, C. L., & Owens, D. (2009). A community approach to dropout prevention in rural high schools. Preventing School Failure, 53(4), 235–242.",School dropout prevention programs in rural areas,minimax_m25_230b_a10b,unverified,,CONTRADICTION,CONTAINS,MATCH,CONTRADICTION,ABSENT,,,,,,,,,,,,,,,,,,,,,,,,,,,,,0.000,1.000
"Jordan, L., & Miller, R. (2012). School dropout in rural America: The impact of school climate and family support. Education and Urban Society, 44(3), 345–363.",School dropout prevention programs in rural areas,minimax_m25_230b_a10b,unverified,,CONTRADICTION,UNCONFIRMED,UNCONFIRMED,UNCONFIRMED,ABSENT,,,,,,,,,,,,,,,,,,,,,,,,,,,,,0.000,1.000
"Balfanz, R., & Byrnes, V. (2012). The importance of being in school: A report on absenteeism in the nation’s public schools. Johns Hopkins Center for Social Organization of Schools.",School dropout prevention programs in rural areas,minimax_m25_230b_a10b,verified,,MATCH,MATCH,MATCH,MATCH,ABSENT,,,,,,,,,,,,,,,,,,,,,,,,,,,,,1.000,0.000
"Rumberger, R. W., & Lim, S. A. (2008). Why students drop out of school: A review of 25 years of research. California Dropout Research Project.",School dropout prevention programs in rural areas,minimax_m25_230b_a10b,verified,,MATCH,MATCH,MATCH,MATCH,ABSENT,,,,,,,,,,,,,,,,,,,,,,,,,,,,,1.000,0.000
"Davis, K., & Keene, B. (2011). Rural school dropout: A literature review. Journal of Research in Rural Education, 26(5), 1–15.",School dropout prevention programs in rural areas,minimax_m25_230b_a10b,unverified,,UNCONFIRMED,UNCONFIRMED,UNCONFIRMED,UNCONFIRMED,UNCONFIRMED,,,,,,,,,,,,,,,,,,,,,,,,,,,,,0.000,1.000
"Zhang, Y., & Liu, J. (2013). Parental involvement and school dropout in rural China: An empirical study. International Journal of Educational Development, 33(4), 366–376.",School dropout prevention programs in rural areas,minimax_m25_230b_a10b,unverified,,CONTRADICTION,CONTRADICTION,CONTAINS,MATCH,ABSENT,,,,,,,,,,,,,,,,,,,,,,,,,,,,,0.000,1.000
"Freeman, J., & Berg, K. (2014). Evaluation of the Check & Connect program in rural schools. Journal of Education, 134(2), 271–284.",School dropout prevention programs in rural areas,minimax_m25_230b_a10b,unverified,,UNCONFIRMED,UNCONFIRMED,UNCONFIRMED,UNCONFIRMED,UNCONFIRMED,,,,,,,,,,,,,,,,,,,,,,,,,,,,,0.000,1.000
"Hernandez, A. (2020). The impact of a school-based mentoring program on dropout rates in rural Appalachia (Doctoral dissertation). University of Kentucky.",School dropout prevention programs in rural areas,minimax_m25_230b_a10b,unverified,,CONTRADICTION,UNCONFIRMED,CONTRADICTION,UNCONFIRMED,ABSENT,,,,,,,,,,,,,,,,,,,,,,,,,,,,,0.000,1.000
"McNeal, R. B., & Durrah, T. (2015). Community partnerships for dropout prevention in rural schools. The Journal of Educational Research, 108(5), 389–403.",School dropout prevention programs in rural areas,minimax_m25_230b_a10b,unverified,,CONTRADICTION,CONTAINS,CONTRADICTION,CONTRADICTION,ABSENT,,,,,,,,,,,,,,,,,,,,,,,,,,,,,0.000,1.000
"Aldrich, J. H. (1993). Rational choice and turnout. American Journal of Political Science, 37(1), 246‑278.",Voter turnout,minimax_m25_230b_a10b,verified,,MATCH,MATCH,MATCH,MATCH,ABSENT,,,,,,,,,,,,,,,,,,,,,,,,,,,,,1.000,0.000
"Blais, A., & Daoust, J.-F. (2020). The composition of the electorate and the decline of turnout: Evidence from the 2015 Canadian election. Electoral Studies, 65, 102149.",Voter turnout,minimax_m25_230b_a10b,needs-human,,CONTRADICTION,CONTAINS,CONTAINS,MATCH,ABSENT,,,,,,,,,,,,,,,,,,,,,,,,,,,,,0.100,0.900
"Denny, K., & Doyle, O. (2008). Does political efficacy predict voter turnout? Evidence from the European Social Survey. Political Studies, 56(3), 585‑603.",Voter turnout,minimax_m25_230b_a10b,unverified,,CONTRADICTION,MATCH,CONTRADICTION,CONTRADICTION,ABSENT,,,,,,,,,,,,,,,,,,,,,,,,,,,,,0.000,1.000
"Fieldhouse, E., & Cutts, D. (2012). The effect of voter mobilisation on turnout: Evidence from the UK 2010 general election. Journal of Elections, Public Opinion and Parties, 22(2), 143‑158.",Voter turnout,minimax_m25_230b_a10b,unverified,,CONTRADICTION,CONTRADICTION,CONTRADICTION,CONTRADICTION,ABSENT,,,,,,,,,,,,,,,,,,,,,,,,,,,,,0.000,1.000
"Holbrook, T. M., & McClurg, S. D. (2005). The determinants of voter participation: A study of the American electorate. Political Research Quarterly, 58(1), 39‑48.",Voter turnout,minimax_m25_230b_a10b,unverified,,CONTRADICTION,CONTRADICTION,CONTRADICTION,MATCH,ABSENT,,,,,,,,,,,,,,,,,,,,,,,,,,,,,0.000,1.000
"Plutzer, E. (2002). Becoming a voter: Voter turnout among first‑time voters in the United States. American Political Science Review, 96(3), 575‑586.",Voter turnout,minimax_m25_230b_a10b,needs-human,,CONTRADICTION,MATCH,MATCH,MATCH,ABSENT,,,,,,,,,,,,,,,,,,,,,,,,,,,,,0.333,0.667
"De Rooij, E. A., & Green, D. P. (2012). Voter turnout and the role of social networks. Social Forces, 90(4), 1247‑1272.",Voter turnout,minimax_m25_230b_a10b,unverified,,CONTRADICTION,MATCH,MATCH,CONTRADICTION,ABSENT,,,,,,,,,,,,,,,,,,,,,,,,,,,,,0.000,1.000
"Smets, K., & Van Ham, C. (2013). The embarrassment of riches: A meta‑analysis of individual‑level research on voter turnout. Electoral Studies, 32(2), 344‑359.",Voter turnout,minimax_m25_230b_a10b,verified,,MATCH,MATCH,MATCH,MATCH,ABSENT,,,,,,,,,,,,,,,,,,,,,,,,,,,,,1.000,0.000
"Karp, J. A., & Banducci, S. A. (2008). When politics is down, turnout goes up: Economic conditions and voter participation. Political Research Quarterly, 61(2), 274‑286.",Voter turnout,minimax_m25_230b_a10b,unverified,,CONTRADICTION,MATCH,CONTAINS,CONTRADICTION,ABSENT,,,,,,,,,,,,,,,,,,,,,,,,,,,,,0.000,1.000
"McKee, S. C. (2014). The effect of early voting on voter turnout in the United States (Doctoral dissertation). University of Michigan.",Voter turnout,minimax_m25_230b_a10b,unverified,,CONTRADICTION,MATCH,UNCONFIRMED,UNCONFIRMED,ABSENT,,,,,,,,,,,,,,,,,,,,,,,,,,,,,0.000,1.000
IPCC. (2021). Climate change 2021: The physical science basis. Cambridge University Press.,Energy,minimax_m25_230b_a10b,verified-with-error,,MATCH,MATCH,CONTRADICTION,CONTAINS,ABSENT,,,,,,,,,,,,,,,,,,,,,,,,,,,,,0.500,0.500
International Energy Agency. (2022). World energy outlook 2022. IEA.,Energy,minimax_m25_230b_a10b,verified,,MATCH,MATCH,MATCH,MATCH,ABSENT,,,,,,,,,,,,,,,,,,,,,,,,,,,,,1.000,0.000
"Ellabban, O., Abu‑Rub, H., & Blaabjerg, F. (2014). Renewable energy resources: Current status, future prospects and their enabling technology. Renewable and Sustainable Energy Reviews, 39, 748‑764.",Energy,minimax_m25_230b_a10b,verified,,MATCH,MATCH,MATCH,MATCH,ABSENT,,,,,,,,,,,,,,,,,,,,,,,,,,,,,1.000,0.000
"Dincer, I. (2000). Renewable energy and sustainable development: A review. Renewable and Sustainable Energy Reviews, 4(2), 157‑175.",Energy,minimax_m25_230b_a10b,verified,,MATCH,MATCH,MATCH,MATCH,ABSENT,,,,,,,,,,,,,,,,,,,,,,,,,,,,,1.000,0.000
"Zhang, Y., & Smith, S. J. (2019). Recent advances in energy storage technologies. Energy, 171, 1115‑1128.",Energy,minimax_m25_230b_a10b,unverified,,CONTRADICTION,CONTRADICTION,MATCH,CONTRADICTION,ABSENT,,,,,,,,,,,,,,,,,,,,,,,,,,,,,0.000,1.000
Lazard. (2020). Levelized cost of energy analysis 2020. Lazard.,Energy,minimax_m25_230b_a10b,verified-with-error,,CONTAINS,MATCH,MATCH,MATCH,ABSENT,,,,,,,,,,,,,,,,,,,,,,,,,,,,,0.833,0.167
"Liu, X., & Wang, P. (2019). Integration of renewable energy into power systems: A review. In 2019 IEEE Power & Energy Society General Meeting (PESGM) (pp. 1‑5). IEEE.",Energy,minimax_m25_230b_a10b,unverified,,CONTRADICTION,CONTRADICTION,CONTRADICTION,CONTRADICTION,ABSENT,,,,,,,,,,,,,,,,,,,,,,,,,,,,,0.000,1.000
"Ackland, K. (2017). Solar photovoltaic technologies and their market potential (Doctoral dissertation). University of Queensland.",Energy,minimax_m25_230b_a10b,unverified,,CONTRADICTION,CONTRADICTION,MATCH,CONTRADICTION,ABSENT,,,,,,,,,,,,,,,,,,,,,,,,,,,,,0.000,1.000
"Wang, L., & Chen, Y. (2021). Integration of renewable energy sources into power grids: Challenges and solutions. Electric Power Systems Research, 190, 106636.",Energy,minimax_m25_230b_a10b,unverified,,CONTRADICTION,CONTRADICTION,CONTAINS,CONTRADICTION,ABSENT,,,,,,,,,,,,,,,,,,,,,,,,,,,,,0.000,1.000
"Zhou, X., & Lin, M. (2020). Wind turbine design and optimization: A review. Renewable Energy, 156, 763‑777.",Energy,minimax_m25_230b_a10b,unverified,,CONTRADICTION,CONTRADICTION,CONTAINS,CONTRADICTION,ABSENT,,,,,,,,,,,,,,,,,,,,,,,,,,,,,0.000,1.000
"Filmer, D., & Schady, N. (2009). Getting girls into school: The effect of a conditional cash transfer program in Cambodia (World Bank Policy Research Working Paper No. 5119). World Bank.",Girls education,minimax_m25_230b_a10b,needs-human,,CONTRADICTION,CONTAINS,CONTAINS,MATCH,ABSENT,,,,,,,,,,,,,,,,,,,,,,,,,,,,,0.100,0.900
World Bank. (2018). Girls’ education: The power of investing in education for girls. World Bank Group.,Girls education,minimax_m25_230b_a10b,unverified,,CONTRADICTION,MATCH,UNCONFIRMED,CONTAINS,ABSENT,,,,,,,,,,,,,,,,,,,,,,,,,,,,,0.033,0.967
UNESCO. (2020). Global Education Monitoring Report 2020: Girls’ education. UNESCO Publishing.,Girls education,minimax_m25_230b_a10b,verified-with-error,,CONTAINS,MATCH,MATCH,MATCH,ABSENT,,,,,,,,,,,,,,,,,,,,,,,,,,,,,0.833,0.167
UNICEF. (2021). Girls’ education: Accelerating progress for gender equality. UNICEF.,Girls education,minimax_m25_230b_a10b,verified-with-error,,CONTAINS,MATCH,UNCONFIRMED,MATCH,ABSENT,,,,,,,,,,,,,,,,,,,,,,,,,,,,,0.633,0.367
"Kabeer, N., & Hossain, L. (2012). Can demand‑side interventions reduce gender disparity in primary schooling? Evidence from Bangladesh’s Female Secondary School Stipend Programme. Journal of Development Studies, 48(10), 1503–1520. https://doi.org/10.1080/00220388.2012.700391",Girls education,minimax_m25_230b_a10b,unverified,,UNCONFIRMED,UNCONFIRMED,UNCONFIRMED,UNCONFIRMED,UNCONFIRMED,,,,,,,,,,,,,,,,,,,,,,,,,,,,,0.000,1.000
"Glewwe, P., & A. (2014). The impact of school construction on gender equality in education: Evidence from rural Ethiopia. Journal of Education for Development, 28(3), 215–230.",Girls education,minimax_m25_230b_a10b,unverified,,CONTRADICTION,MATCH,CONTRADICTION,UNCONFIRMED,ABSENT,,,,,,,,,,,,,,,,,,,,,,,,,,,,,0.000,1.000
"Lopez, S., & Nguyen, T. (2017). Conditional cash transfers and gender: Evidence from Nicaragua’s Red de Protección Social. Journal of Development Economics, 121, 85–99. https://doi.org/10.1016/j.jdeveco.2016.10.004",Girls education,minimax_m25_230b_a10b,needs-human,,CONTRADICTION,CONTRADICTION,CONTAINS,MATCH,MATCH,,,,,,,,,,,,,,,,,,,,,,,,,,,,,0.025,0.975
"Mkandawire, E., & Phiri, M. (2018). School‑related gender‑based violence and its impact on girls’ school attendance in sub‑Saharan Africa. International Journal of Educational Development, 55, 43–55. https://doi.org/10.1016/j.ijedudev.2017.09.005",Girls education,minimax_m25_230b_a10b,needs-human,,CONTRADICTION,CONTRADICTION,CONTAINS,MATCH,MATCH,,,,,,,,,,,,,,,,,,,,,,,,,,,,,0.025,0.975
"Aker, J. C., & Ksoll, C. (2019). Mobile phone‑enabled learning and girls’ educational outcomes in Kenya: A randomized controlled trial. Computers & Education, 118, 55–66. https://doi.org/10.1016/j.compedu.2018.01.015",Girls education,minimax_m25_230b_a10b,needs-human,,CONTRADICTION,CONTRADICTION,CONTAINS,MATCH,MATCH,,,,,,,,,,,,,,,,,,,,,,,,,,,,,0.025,0.975
"Mushi, D. (2020). Barriers to secondary school completion for girls in rural Tanzania: A case study (Doctoral dissertation). University of Dar es Salaam.",Girls education,minimax_m25_230b_a10b,unverified,,CONTRADICTION,UNCONFIRMED,UNCONFIRMED,UNCONFIRMED,ABSENT,,,,,,,,,,,,,,,,,,,,,,,,,,,,,0.000,1.000
World Health Organization. (2022). World malaria report 2022. World Health Organization.,Malaria prevention,minimax_m25_230b_a10b,verified,,MATCH,MATCH,MATCH,MATCH,ABSENT,,,,,,,,,,,,,,,,,,,,,,,,,,,,,1.000,0.000
"Lengeler, C. (2004). Insecticide‑treated nets: a meta‑analysis of their efficacy in preventing malaria. Malaria Journal, 3, 10.",Malaria prevention,minimax_m25_230b_a10b,verified-with-error,,CONTAINS,MATCH,MATCH,UNCONFIRMED,ABSENT,,,,,,,,,,,,,,,,,,,,,,,,,,,,,0.633,0.367
"van den Berg, H., et al. (2012). Global trends in the use of indoor residual spraying for malaria control. Malaria Journal, 11, 291.",Malaria prevention,minimax_m25_230b_a10b,unverified,,CONTRADICTION,MATCH,MATCH,CONTRADICTION,ABSENT,,,,,,,,,,,,,,,,,,,,,,,,,,,,,0.000,1.000
"RTS,S Clinical Trials Partnership. (2015). Efficacy of the RTS,S/AS01 malaria vaccine in African children. The Lancet, 386(9987), 31–45.",Malaria prevention,minimax_m25_230b_a10b,verified-with-error,,CONTAINS,MATCH,MATCH,MATCH,ABSENT,,,,,,,,,,,,,,,,,,,,,,,,,,,,,0.833,0.167
"Gosling, R., et al. (2009). Intermittent preventive treatment for malaria in pregnancy: a systematic review. Malaria Journal, 8, 167.",Malaria prevention,minimax_m25_230b_a10b,unverified,,CONTRADICTION,MATCH,MATCH,CONTRADICTION,ABSENT,,,,,,,,,,,,,,,,,,,,,,,,,,,,,0.000,1.000
"Tusting, L. S., et al. (2015). Housing improvements for malaria control: a systematic review. Malaria Journal, 14, 274.",Malaria prevention,minimax_m25_230b_a10b,verified-with-error,,CONTAINS,MATCH,MATCH,MATCH,ABSENT,,,,,,,,,,,,,,,,,,,,,,,,,,,,,0.833,0.167
"Hall, Z., et al. (2019). Mass drug administration for malaria elimination: a systematic review. Malaria Journal, 18, 259.",Malaria prevention,minimax_m25_230b_a10b,unverified,,CONTRADICTION,CONTRADICTION,CONTRADICTION,CONTRADICTION,ABSENT,,,,,,,,,,,,,,,,,,,,,,,,,,,,,0.000,1.000
"Killeen, G. F., et al. (2017). Ivermectin mass drug administration for malaria control. Parasites & Vectors, 10, 233.",Malaria prevention,minimax_m25_230b_a10b,needs-human,,CONTAINS,UNCONFIRMED,MATCH,CONTAINS,ABSENT,,,,,,,,,,,,,,,,,,,,,,,,,,,,,0.467,0.533
World Health Organization. (2018). Global plan for insecticide resistance management in malaria vectors (2nd ed.). World Health Organization.,Malaria prevention,minimax_m25_230b_a10b,needs-human,,CONTAINS,MATCH,CONTRADICTION,MATCH,ABSENT,,,,,,,,,,,,,,,,,,,,,,,,,,,,,0.433,0.567
"Rumberger, R. W. (2001). Why students drop out of school. *Harvard Educational Review, 71*(3), 399–424.",School dropout,minimax_m25_230b_a10b,verified-with-error,,MATCH,MATCH,CONTRADICTION,CONTRADICTION,ABSENT,,,,,,,,,,,,,,,,,,,,,,,,,,,,,0.200,0.800
"Finn, J. D. (1989). Withdrawing from school. *Review of Educational Research, 59*(2), 117–142.",School dropout,minimax_m25_230b_a10b,verified,,MATCH,MATCH,MATCH,MATCH,ABSENT,,,,,,,,,,,,,,,,,,,,,,,,,,,,,1.000,0.000
"Christenson, S. L., Sinclair, M. F., & Thurlow, M. L. (2000). School dropouts: Prevention, identification, and intervention. *Exceptionality, 8*(2), 85–103.",School dropout,minimax_m25_230b_a10b,unverified,,UNCONFIRMED,UNCONFIRMED,UNCONFIRMED,UNCONFIRMED,UNCONFIRMED,,,,,,,,,,,,,,,,,,,,,,,,,,,,,0.000,1.000
"Ensminger, M. E., & Slusarcick, A. L. (1992). Path to high school graduation or dropout: A longitudinal study of a first‑grade cohort. *Sociology of Education, 65*(2), 95–113.",School dropout,minimax_m25_230b_a10b,verified-with-error,,CONTAINS,MATCH,MATCH,MATCH,ABSENT,,,,,,,,,,,,,,,,,,,,,,,,,,,,,0.833,0.167
"McNeal, R. B. (1999). Parental involvement as social capital: Differential effects on high school dropouts. *Social Forces, 78*(3), 1173–1200.",School dropout,minimax_m25_230b_a10b,verified-with-error,,CONTAINS,MATCH,MATCH,MATCH,ABSENT,,,,,,,,,,,,,,,,,,,,,,,,,,,,,0.833,0.167
"Balfanz, R., & Herzog, L. (2007). Keeping middle grades students on track to graduation: Identifying early warning indicators. *Middle School Journal, 39*(2), 13–21.",School dropout,minimax_m25_230b_a10b,needs-human,,CONTAINS,CONTAINS,UNCONFIRMED,CONTAINS,ABSENT,,,,,,,,,,,,,,,,,,,,,,,,,,,,,0.400,0.600
"Rumberger, R. W., & Lim, L. (2008). *Why students drop out of school: A review of 25 years of research*. California Dropout Research Project, University of California, Santa Barbara.",School dropout,minimax_m25_230b_a10b,verified,,MATCH,MATCH,MATCH,UNCONFIRMED,ABSENT,,,,,,,,,,,,,,,,,,,,,,,,,,,,,0.800,0.200
"Garry, E. M. (1996). *School dropouts: New approaches to an enduring problem* (ERIC Digest No. ED394891). ERIC.",School dropout,minimax_m25_230b_a10b,unverified,,CONTRADICTION,CONTRADICTION,CONTRADICTION,MATCH,ABSENT,,,,,,,,,,,,,,,,,,,,,,,,,,,,,0.000,1.000
"Vitaro, F., Brendgen, M., Larose, S., & Tremblay, R. E. (2005). Kindergarten disruptive behaviors, protective factors, and educational achievement by early adulthood. *Journal of Educational Psychology, 97*(4), 617–629.",School dropout,minimax_m25_230b_a10b,verified,,MATCH,MATCH,MATCH,MATCH,ABSENT,,,,,,,,,,,,,,,,,,,,,,,,,,,,,1.000,0.000
"Lee, V. E., & Burkam, D. T. (2003). *Dropout rates in the United States: 2000* (NCES 2003‑038). National Center for Education Statistics, U.S. Department of Education.",School dropout,minimax_m25_230b_a10b,verified-with-error,,MATCH,CONTAINS,CONTRADICTION,MATCH,ABSENT,,,,,,,,,,,,,,,,,,,,,,,,,,,,,0.467,0.533
"Mishra, P., & Koehler, M. J. (2006). Technological pedagogical content knowledge: A framework for teacher knowledge. Teachers College Record, 108(6), 1017–1054.",Education,minimax_m25_230b_a10b,verified,,MATCH,MATCH,MATCH,MATCH,ABSENT,,,,,,,,,,,,,,,,,,,,,,,,,,,,,1.000,0.000
"Tamim, R. M., Bernard, R. M., Borokhovski, E., Abrami, P. C., & Schmid, R. F. (2011). What forty years of research says about the impact of technology on learning: A second‑order meta‑analysis and validation study. Review of Educational Research, 81(1), 4–28.",Education,minimax_m25_230b_a10b,verified,,MATCH,MATCH,MATCH,MATCH,ABSENT,,,,,,,,,,,,,,,,,,,,,,,,,,,,,1.000,0.000
"Johnson, N., & Brown, S. (2019). The impact of flipped classroom on student achievement in higher education. Journal of Educational Technology & Society, 22(1), 14–26.",Education,minimax_m25_230b_a10b,needs-human,,CONTAINS,CONTAINS,CONTAINS,CONTRADICTION,ABSENT,,,,,,,,,,,,,,,,,,,,,,,,,,,,,0.200,0.800
"An, J., & Chen, L. (2020). The effect of gamified learning on student motivation and achievement: A meta‑analysis. Computers & Education, 154, 103–119.",Education,minimax_m25_230b_a10b,unverified,,CONTRADICTION,CONTRADICTION,CONTAINS,CONTRADICTION,ABSENT,,,,,,,,,,,,,,,,,,,,,,,,,,,,,0.000,1.000
"Means, T. L., Toyama, Y., Murphy, R., & Bakia, M. (2013). The effectiveness of online and blended learning: A meta‑analysis. Teachers College Record, 115(3), 1–47.",Education,minimax_m25_230b_a10b,verified-with-error,,CONTAINS,MATCH,MATCH,MATCH,ABSENT,,,,,,,,,,,,,,,,,,,,,,,,,,,,,0.833,0.167
"Zawacki‑Richter, O., Marín, V. I., Bond, M., & Gouverneur, F. (2021). Systematic review of research on artificial intelligence in higher education. International Journal of Educational Technology in Higher Education, 18(1), 39. https://doi.org/10.1186/s41239-021-00288-9",Education,minimax_m25_230b_a10b,unverified,,CONTAINS,MATCH,CONTRADICTION,CONTRADICTION,UNCONFIRMED,,,,,,,,,,,,,,,,,,,,,,,,,,,,,0.025,0.975
"Dede, C. (2009). Immersive interfaces for engagement and learning. Science, 323(5910), 66–69. https://doi.org/10.1126/science.1167946",Education,minimax_m25_230b_a10b,verified-with-error,,MATCH,MATCH,MATCH,MATCH,CONTRADICTION,,,,,,,,,,,,,,,,,,,,,,,,,,,,,0.500,0.500
"Redish, E. F., & Smith, K. A. (2008). Looking beyond content: The skill of doing science. In AIP Conference Proceedings (Vol. 951, pp. 115–118). American Institute of Physics.",Education,minimax_m25_230b_a10b,verified-with-error,,CONTAINS,MATCH,MATCH,CONTAINS,ABSENT,,,,,,,,,,,,,,,,,,,,,,,,,,,,,0.733,0.267
UNESCO. (2017). Global Education Monitoring Report 2017/8: Accountability in education: Meeting our commitments. UNESCO Publishing.,Education,minimax_m25_230b_a10b,verified,,MATCH,MATCH,MATCH,CONTAINS,ABSENT,,,,,,,,,,,,,,,,,,,,,,,,,,,,,0.900,0.100
"Bork, R. (2018). Learning analytics in higher education: A multi‑institutional perspective (Doctoral dissertation). University of Michigan.",Education,minimax_m25_230b_a10b,unverified,,CONTRADICTION,CONTRADICTION,CONTRADICTION,CONTRADICTION,ABSENT,,,,,,,,,,,,,,,,,,,,,,,,,,,,,0.000,1.000
"Vitousek, P. M., et al. (1997). Human domination of Earth’s ecosystems. Science, 277(5325), 494–499.",Environmental Science,minimax_m25_230b_a10b,verified,,MATCH,MATCH,MATCH,MATCH,ABSENT,,,,,,,,,,,,,,,,,,,,,,,,,,,,,1.000,0.000
"Rockström, J., et al. (2009). A safe operating space for humanity. Nature, 461(7263), 472–475.",Environmental Science,minimax_m25_230b_a10b,verified,,MATCH,MATCH,MATCH,MATCH,ABSENT,,,,,,,,,,,,,,,,,,,,,,,,,,,,,1.000,0.000
"Tilman, D., et al. (2001). Forecasting agriculturally driven global environmental change. Science, 292(5515), 281–284.",Environmental Science,minimax_m25_230b_a10b,verified,,MATCH,MATCH,MATCH,MATCH,ABSENT,,,,,,,,,,,,,,,,,,,,,,,,,,,,,1.000,0.000
"Cardinale, B. J., et al. (2012). Biodiversity loss and its impact on humanity. Nature, 486(7401), 59–67.",Environmental Science,minimax_m25_230b_a10b,verified,,MATCH,MATCH,MATCH,MATCH,ABSENT,,,,,,,,,,,,,,,,,,,,,,,,,,,,,1.000,0.000
"Briët, O. J. T., et al. (2015). Larval source management for malaria control: a systematic review. Parasites & Vectors, 8, 388.",Malaria prevention,minimax_m25_230b_a10b,unverified,,CONTRADICTION,MATCH,CONTRADICTION,CONTAINS,ABSENT,,,,,,,,,,,,,,,,,,,,,,,,,,,,,0.000,1.000
"Schlesinger, W. H. (2009). On the fate of anthropogenic carbon. Proceedings of the National Academy of Sciences, 106(1), 214–219.",Environmental Science,minimax_m25_230b_a10b,unverified,,CONTRADICTION,MATCH,CONTRADICTION,CONTRADICTION,ABSENT,,,,,,,,,,,,,,,,,,,,,,,,,,,,,0.000,1.000
Intergovernmental Science‑Policy Platform on Biodiversity and Ecosystem Services (IPBES). (2019). Global assessment report on biodiversity and ecosystem services. IPBES Secretariat.,Environmental Science,minimax_m25_230b_a10b,needs-human,,CONTAINS,MATCH,MATCH,CONTRADICTION,ABSENT,,,,,,,,,,,,,,,,,,,,,,,,,,,,,0.433,0.567
"Naeem, S., et al. (1999). Biodiversity and ecosystem functioning: Recent empirical evidence. In S. Naeem, et al. (Eds.), The functional role of biodiversity (pp. 3‑13). Springer.",Environmental Science,minimax_m25_230b_a10b,unverified,,CONTRADICTION,MATCH,CONTRADICTION,CONTRADICTION,ABSENT,,,,,,,,,,,,,,,,,,,,,,,,,,,,,0.000,1.000
"Carpenter, S. R., et al. (2006). Ecosystem vulnerability to climate change. Ecology Letters, 9(9), 1060–1070.",Environmental Science,minimax_m25_230b_a10b,unverified,,CONTRADICTION,CONTRADICTION,CONTAINS,CONTAINS,ABSENT,,,,,,,,,,,,,,,,,,,,,,,,,,,,,0.000,1.000
"Newman, M. E. (2020). The impact of microplastic pollution on freshwater ecosystems (Doctoral dissertation). University of Michigan.",Environmental Science,minimax_m25_230b_a10b,unverified,,CONTRADICTION,CONTRADICTION,CONTAINS,CONTRADICTION,ABSENT,,,,,,,,,,,,,,,,,,,,,,,,,,,,,0.000,1.000
