reference,topic,model,svris_status,field_title,field_authors,field_year,field_venue,field_id,score,error_distance
"Nhamposa, T., Kunieda, S., & Sugimoto, M. (2018). Biometric voter registration and voting systems: A comprehensive review. Journal of Intelligent & Fuzzy Systems, 35(6), 4777-4788.",Biometric voter registration,mixtral_8x7b_47b_a13b,unverified,UNCONFIRMED,UNCONFIRMED,UNCONFIRMED,UNCONFIRMED,UNCONFIRMED,0.0,1.0
"Abdul-Qadir, M., & Jaber, M. M. (2017). Biometric voter registration and verification: A survey. International Journal of Advanced Research in Computer Science and Software Engineering, 7(3), 1-10.",Biometric voter registration,mixtral_8x7b_47b_a13b,unverified,UNCONFIRMED,UNCONFIRMED,UNCONFIRMED,UNCONFIRMED,UNCONFIRMED,0.0,1.0
"Chikalipaka, S., & Jaber, M. M. (2018). Biometric voter registration and verification: A review. International Journal of Advanced Research in Computer Science, 9(5), 1-10.",Biometric voter registration,mixtral_8x7b_47b_a13b,unverified,UNCONFIRMED,UNCONFIRMED,UNCONFIRMED,UNCONFIRMED,UNCONFIRMED,0.0,1.0
"Al-Hadhrami, L. A., & Al-Maadeed, S. M. (2016). Biometric voter registration and verification: A review. Journal of King Saud University-Computer and Information Sciences, 28(3), 287-303.",Biometric voter registration,mixtral_8x7b_47b_a13b,unverified,UNCONFIRMED,UNCONFIRMED,UNCONFIRMED,UNCONFIRMED,UNCONFIRMED,0.0,1.0
"Abozaid, N. A., & Ahmed, S. (2017). Biometric voter registration and verification: A review. Journal of Engineering Research and Applications, 7(2), 557-563.",Biometric voter registration,mixtral_8x7b_47b_a13b,unverified,UNCONFIRMED,UNCONFIRMED,UNCONFIRMED,UNCONFIRMED,UNCONFIRMED,0.0,1.0
"Al-Hadhrami, L. A., Al-Maadeed, S. M., & Subramaniam, S. (2016). Biometric voter registration and verification: A review. Journal of Intelligent Information Systems, 46(2), 257-277.",Biometric voter registration,mixtral_8x7b_47b_a13b,unverified,UNCONFIRMED,UNCONFIRMED,UNCONFIRMED,UNCONFIRMED,UNCONFIRMED,0.0,1.0
"Al-Hadhrami, L. A., Al-Maadeed, S. M., & Subramaniam, S. (2015). Biometric voter registration and verification: A review. Journal of Intelligent Systems, 24(4), 689-712.",Biometric voter registration,mixtral_8x7b_47b_a13b,unverified,UNCONFIRMED,UNCONFIRMED,UNCONFIRMED,UNCONFIRMED,UNCONFIRMED,0.0,1.0
"Al-Hadhrami, L. A., Al-Maadeed, S. M., & Subramaniam, S. (2014). Biometric voter registration and verification: A review. Journal of Intelligent Systems, 23(4), 557-578.",Biometric voter registration,mixtral_8x7b_47b_a13b,unverified,UNCONFIRMED,UNCONFIRMED,UNCONFIRMED,UNCONFIRMED,UNCONFIRMED,0.0,1.0
"Al-Hadhrami, L. A., Al-Maadeed, S. M., & Subramaniam, S. (2013). Biometric voter registration and verification: A review. Journal of Intelligent Systems, 22(4), 455-476.",Biometric voter registration,mixtral_8x7b_47b_a13b,unverified,UNCONFIRMED,UNCONFIRMED,UNCONFIRMED,UNCONFIRMED,UNCONFIRMED,0.0,1.0
"Al-Hadhrami, L. A., Al-Maadeed, S. M., & Subramaniam, S. (2012). Biometric voter registration and verification: A review. Journal of Intelligent Systems, 21(4), 353-374.",Biometric voter registration,mixtral_8x7b_47b_a13b,unverified,UNCONFIRMED,UNCONFIRMED,UNCONFIRMED,UNCONFIRMED,UNCONFIRMED,0.0,1.0
"IPCC (2018). Global Warming of 1.5°C. An IPCC Special Report on the impacts of global warming of 1.5°C above pre-industrial levels and related global greenhouse gas emission pathways, in the context of strengthening the global response to the threat of climate change, sustainable development, and efforts to eradicate poverty.",Climate change,mixtral_8x7b_47b_a13b,verified,MATCH,CONTAINS,MATCH,CONTAINS,ABSENT,0.7667,0.2333
"Stocker, T. F., Qin, D., Plattner, G.-K., Tignor, M., Allen, S. K., Boschung, J., ... & Midgley, P. M. (2013). Climate Change 2013: The Physical Science Basis. Contribution of Working Group I to the Fifth Assessment Report of the Intergovernmental Panel on Climate Change.",Climate change,mixtral_8x7b_47b_a13b,needs-human,CONTRADICTION,MATCH,MATCH,CONTAINS,ABSENT,0.2333,0.7667
"Field, C. B., Barros, V. R., Dokken, D. J., Mach, K. J., Mastrandrea, M. D., Bilir, T. E., ... & Chatterjee, M. (2012). Managing the Risks of Extreme Events and Disasters to Advance Climate Change Adaptation. A Special Report of Working Groups I and II of the Intergovernmental Panel on Climate Change (IPCC).",Climate change,mixtral_8x7b_47b_a13b,verified,MATCH,MATCH,MATCH,UNCONFIRMED,ABSENT,0.8,0.2
"IPCC (2014). Climate Change 2014: Impacts, Vulnerability and Adaptation. Contribution of Working Group II to the Fifth Assessment Report of the Intergovernmental Panel on Climate Change. Cambridge University Press.",Climate change adaptation in agriculture,mixtral_8x7b_47b_a13b,verified,MATCH,MATCH,MATCH,MATCH,ABSENT,1.0,0.0
"Thorpe, A., et al. (2018). Adaptation of agriculture to climate change: A review of adaptation strategies in the UK and Germany. Agriculture and Human Values, 35(1), 15-29.",Climate change adaptation in agriculture,mixtral_8x7b_47b_a13b,verified,MATCH,MATCH,MATCH,MATCH,ABSENT,1.0,0.0
"Challinor, A. J., et al. (2016). A meta-analysis of crop yield under climate change and adaptation. Nature Climate Change, 6(5), 471-477.",Climate change adaptation in agriculture,mixtral_8x7b_47b_a13b,verified,MATCH,MATCH,MATCH,MATCH,ABSENT,1.0,0.0
IPCC (2012). Managing the Risks of Extreme Events and Disasters to Advance Climate Change Adaptation. A Special Report of Working Groups I and II of the Intergovernmental Panel on Climate Change. Cambridge University Press.,Climate change adaptation in agriculture,mixtral_8x7b_47b_a13b,verified-with-error,MATCH,CONTRADICTION,CONTAINS,MATCH,ABSENT,0.3667,0.6333
"Nelson, G. C., et al. (2010). Climate change and agriculture: impacts and adaptation. Annual Review of Environment and Resources, 35, 223-250.",Climate change adaptation in agriculture,mixtral_8x7b_47b_a13b,verified,MATCH,MATCH,MATCH,MATCH,ABSENT,1.0,0.0
"Howden, S. M., et al. (2007). Adapting agriculture to climate change. Proceedings of the National Academy of Sciences, 104(50), 19691-19696.",Climate change adaptation in agriculture,mixtral_8x7b_47b_a13b,verified,MATCH,MATCH,MATCH,MATCH,ABSENT,1.0,0.0
"IPCC (2007). Climate Change 2007: Impacts, Vulnerability and Adaptation. Contribution of Working Group II to the Fourth Assessment Report of the Intergovernmental Panel on Climate Change. Cambridge University Press.",Climate change adaptation in agriculture,mixtral_8x7b_47b_a13b,verified,MATCH,CONTAINS,MATCH,MATCH,ABSENT,0.8667,0.1333
"Wheeler, T., & von Braun, J. (2013). Climate change impacts on global food security. Science, 341(6145), 508-513.",Climate change adaptation in agriculture,mixtral_8x7b_47b_a13b,verified,MATCH,MATCH,MATCH,MATCH,ABSENT,1.0,0.0
"Lesk, C., Rowhani, P., & Ramankutty, N. (2016). Influence of extreme weather disasters on global crop production. Nature, 529(7584), 84-87.",Climate change adaptation in agriculture,mixtral_8x7b_47b_a13b,verified,MATCH,MATCH,MATCH,MATCH,ABSENT,1.0,0.0
IPCC (2011). Special Report on Managing the Risks of Extreme Events and Disasters to Advance Climate Change Adaptation (SREX). Geneva: Intergovernmental Panel on Climate Change.,Climate change adaptation in agriculture,mixtral_8x7b_47b_a13b,needs-human,CONTAINS,MATCH,CONTAINS,CONTAINS,ABSENT,0.6333,0.3667
FAO. (2016). Climate-smart agriculture for smallholder farmers. Food and Agriculture Organization of the United Nations.,Climate-smart agriculture for smallholder farmers,mixtral_8x7b_47b_a13b,unverified,CONTRADICTION,MATCH,UNCONFIRMED,MATCH,ABSENT,0.1333,0.8667
"Thorpe, A., & Scott, D. (2016). Climate-smart agriculture: Policies, practices, and priorities. Global Food Security, 11, 36-44.",Climate-smart agriculture for smallholder farmers,mixtral_8x7b_47b_a13b,unverified,CONTRADICTION,CONTRADICTION,CONTAINS,CONTRADICTION,ABSENT,0.0,1.0
"Place, F., & Hörmann, S. (2015). Climate-smart agriculture: A new paradigm for smallholder farmers? Agriculture and Human Values, 32(3), 495-504.",Climate-smart agriculture for smallholder farmers,mixtral_8x7b_47b_a13b,unverified,UNCONFIRMED,UNCONFIRMED,UNCONFIRMED,UNCONFIRMED,UNCONFIRMED,0.0,1.0
"Pretty, J., & Bharucha, Z. (2015). Climate-smart agriculture: Policies, practices, and priorities. International Journal of Agricultural Sustainability, 13(1), 1-5.",Climate-smart agriculture for smallholder farmers,mixtral_8x7b_47b_a13b,verified,MATCH,MATCH,MATCH,MATCH,ABSENT,1.0,0.0
"Krishnan, J. A., & Anderson, J. L. (2015). Climate-smart agriculture for smallholder farmers: A review of evidence and implications for policy. Agriculture and Human Values, 32(3), 505-518.",Climate-smart agriculture for smallholder farmers,mixtral_8x7b_47b_a13b,unverified,UNCONFIRMED,UNCONFIRMED,UNCONFIRMED,UNCONFIRMED,UNCONFIRMED,0.0,1.0
"Campbell, B. M., & Thorpe, A. (2014). Climate-smart agriculture: Participation, governance, and knowledge in agricultural research and development. Agriculture and Human Values, 31(4), 565-576.",Climate-smart agriculture for smallholder farmers,mixtral_8x7b_47b_a13b,unverified,UNCONFIRMED,UNCONFIRMED,UNCONFIRMED,UNCONFIRMED,UNCONFIRMED,0.0,1.0
"Jagadananda, A. K., & Below, R. (2013). Climate-smart agriculture for smallholder farmers: A review of the literature. Agriculture and Human Values, 30(4), 545-556.",Climate-smart agriculture for smallholder farmers,mixtral_8x7b_47b_a13b,unverified,UNCONFIRMED,UNCONFIRMED,UNCONFIRMED,UNCONFIRMED,UNCONFIRMED,0.0,1.0
"Rockström, J., & Karlberg, L. (2010). Climate-smart agriculture: Policies, practices, and priorities for globally relevant agriculture. Environmental Science & Policy, 13(7), 583-592.",Climate-smart agriculture for smallholder farmers,mixtral_8x7b_47b_a13b,unverified,UNCONFIRMED,UNCONFIRMED,UNCONFIRMED,UNCONFIRMED,UNCONFIRMED,0.0,1.0
"Vermeulen, S. J., Campbell, B. M., & Ingram, J. S. I. (2012). Climate-smart agriculture: Policies, practices, and priorities. Global Environmental Change, 22(4), 847-855.",Climate-smart agriculture for smallholder farmers,mixtral_8x7b_47b_a13b,unverified,UNCONFIRMED,UNCONFIRMED,UNCONFIRMED,UNCONFIRMED,UNCONFIRMED,0.0,1.0
"Wassmann, R., Jagadananda, A. K., & Neufeldt, H. (2015). Climate-smart agriculture for smallholder farmers: A review of evidence and implications for policy. Agriculture and Human Values, 32(3), 519-531.",Climate-smart agriculture for smallholder farmers,mixtral_8x7b_47b_a13b,unverified,UNCONFIRMED,UNCONFIRMED,UNCONFIRMED,UNCONFIRMED,UNCONFIRMED,0.0,1.0
"Norris, P. (2017). Comparative democracy: A theoretical overview. In P. Norris (Ed.), Oxford handbook of political behavior (pp. 19-36). Oxford University Press.",Democratic elections,mixtral_8x7b_47b_a13b,unverified,UNCONFIRMED,UNCONFIRMED,UNCONFIRMED,UNCONFIRMED,UNCONFIRMED,0.0,1.0
"Lijphart, A. (1999). Patterns of democracy: Government forms and performance in thirty-six countries. Yale University Press.",Democratic elections,mixtral_8x7b_47b_a13b,verified,MATCH,MATCH,MATCH,MATCH,ABSENT,1.0,0.0
"Diamond, L. (2012). Developing democracy: Toward consolidation. Johns Hopkins University Press.",Democratic elections,mixtral_8x7b_47b_a13b,verified,MATCH,MATCH,UNCONFIRMED,MATCH,ABSENT,0.8,0.2
"Zakaria, F. (2003). The future of freedom: Illiberal democracy at home and abroad. W.W. Norton & Company.",Democratic elections,mixtral_8x7b_47b_a13b,verified,MATCH,MATCH,MATCH,MATCH,ABSENT,1.0,0.0
"Tucker, J. A. (2007). Free and fair? The fate of elections in post-Soviet Eurasia. Princeton University Press.",Democratic elections,mixtral_8x7b_47b_a13b,unverified,UNCONFIRMED,UNCONFIRMED,UNCONFIRMED,UNCONFIRMED,UNCONFIRMED,0.0,1.0
"Hyde, S. (2018). The political economy of elections in Africa. Cambridge University Press.",Democratic elections,mixtral_8x7b_47b_a13b,unverified,UNCONFIRMED,UNCONFIRMED,UNCONFIRMED,UNCONFIRMED,UNCONFIRMED,0.0,1.0
"Schedler, A. (2013). The logic of electoral authoritarianism. In E. Josephson & J. Wahman (Eds.), Elections and democracy in Africa (pp. 15-36). Routledge.",Democratic elections,mixtral_8x7b_47b_a13b,verified-with-error,MATCH,MATCH,UNCONFIRMED,UNCONFIRMED,ABSENT,0.6,0.4
"Levitsky, S., & Way, L. A. (2010). Competitive authoritarianism: Hybrid regimes after the cold war. Cambridge University Press.",Democratic elections,mixtral_8x7b_47b_a13b,verified,MATCH,MATCH,MATCH,MATCH,ABSENT,1.0,0.0
"Bunce, V., & Wolchik, S. (2011). Defeating authoritarian leaders in postcommunist countries. Cambridge University Press.",Democratic elections,mixtral_8x7b_47b_a13b,verified,MATCH,MATCH,MATCH,MATCH,ABSENT,1.0,0.0
"Beisinger, J. V. (2002). Democratization and the dynamics of domestic political change: A comparative analysis of Russia, Ukraine, and Kyrgyzstan. Comparative Political Studies, 35(7), 785-812.",Democratic elections,mixtral_8x7b_47b_a13b,unverified,UNCONFIRMED,UNCONFIRMED,UNCONFIRMED,UNCONFIRMED,UNCONFIRMED,0.0,1.0
"Chandra, S., & Zhang, J. (2018). The impact of digital financial services on financial inclusion in developing countries. Information Technology for Development, 24(2), 155-173.",Digital financial services,mixtral_8x7b_47b_a13b,unverified,CONTRADICTION,CONTRADICTION,CONTRADICTION,CONTRADICTION,ABSENT,0.0,1.0
"Donovan, D., & Veselka, M. (2017). Mobile money and financial inclusion: A review of the literature. International Journal of Mobile Communications, 15(4), 425-441.",Digital financial services,mixtral_8x7b_47b_a13b,needs-human,CONTAINS,CONTAINS,MATCH,CONTRADICTION,ABSENT,0.3,0.7
"Grossman, M., & Helpman, E. (2018). Digital financial services and economic development. Annual Review of Economics, 10, 569-594.",Digital financial services,mixtral_8x7b_47b_a13b,unverified,UNCONFIRMED,UNCONFIRMED,UNCONFIRMED,UNCONFIRMED,UNCONFIRMED,0.0,1.0
"Jack, W., & Suri, T. (2014). Rural financial inclusion: Evidence from Kenya's mobile money revolution. American Economic Journal: Applied Economics, 6(1), 1-33.",Digital financial services,mixtral_8x7b_47b_a13b,needs-human,CONTRADICTION,MATCH,MATCH,CONTAINS,ABSENT,0.2333,0.7667
"Karlan, D., & Zinman, J. (2019). Digital credit: A primer and state of the field. Annual Review of Financial Economics, 11, 345-364.",Digital financial services,mixtral_8x7b_47b_a13b,unverified,CONTRADICTION,MATCH,CONTRADICTION,CONTRADICTION,ABSENT,0.0,1.0
"Mas, I., Radcliffe, D., & Ndung'u, K. (2012). Mobile money: The economics of M-PESA. Journal of African Economies, 21(s1), 1-31.",Digital financial services,mixtral_8x7b_47b_a13b,unverified,MATCH,CONTRADICTION,CONTAINS,CONTRADICTION,ABSENT,0.0,1.0
"Mbiti, I., & Weil, B. (2011). Mobile banking: The impact of M-PESA in Kenya. American Economic Journal: Applied Economics, 3(1), 223-250.",Digital financial services,mixtral_8x7b_47b_a13b,verified-with-error,MATCH,MATCH,MATCH,CONTRADICTION,ABSENT,0.6,0.4
"Acemoglu, D., & Robinson, J. A. (2012). Why nations fail: The origins of power, prosperity, and poverty. Crown Business.",Economics,mixtral_8x7b_47b_a13b,verified-with-error,MATCH,MATCH,CONTAINS,UNCONFIRMED,ABSENT,0.7,0.3
"Banerjee, A. V., & Duflo, E. (2011). Poor economics: A radical rethinking of the way to fight global poverty. PublicAffairs.",Economics,mixtral_8x7b_47b_a13b,verified,MATCH,MATCH,MATCH,MATCH,ABSENT,1.0,0.0
"Piketty, T. (2014). Capital in the twenty-first century. Harvard University Press.",Economics,mixtral_8x7b_47b_a13b,verified,MATCH,MATCH,MATCH,MATCH,ABSENT,1.0,0.0
"Krugman, P. (2009). The return of depression economics and the crisis of 2008. W.W. Norton Company.",Economics,mixtral_8x7b_47b_a13b,verified-with-error,MATCH,MATCH,CONTAINS,CONTRADICTION,ABSENT,0.5,0.5
"Stiglitz, J. E. (2012). The price of inequality: How today's divided society endangers our future. W.W. Norton Company.",Economics,mixtral_8x7b_47b_a13b,verified,MATCH,MATCH,MATCH,UNCONFIRMED,ABSENT,0.8,0.2
"Solow, R. M. (1956). A contribution to the theory of economic growth. The Quarterly Journal of Economics, 70(1), 65-94.",Economics,mixtral_8x7b_47b_a13b,verified,MATCH,MATCH,MATCH,MATCH,ABSENT,1.0,0.0
"Romer, P. M. (1986). Increasing returns and long-run growth. The Journal of Political Economy, 94(5), 1002-1037.",Economics,mixtral_8x7b_47b_a13b,verified,MATCH,MATCH,MATCH,MATCH,ABSENT,1.0,0.0
"Mankiw, N. G., Romer, D., & Weil, D. N. (1992). A quick refresher course in macroeconomics. Journal of Economic Literature, 409-428.",Economics,mixtral_8x7b_47b_a13b,verified-with-error,MATCH,CONTAINS,CONTRADICTION,MATCH,ABSENT,0.4667,0.5333
"Akerlof, G. A., & Shiller, R. J. (2009). Animal spirits: How human psychology drives the economy, and why it matters for global capitalism. Princeton University Press.",Economics,mixtral_8x7b_47b_a13b,verified,MATCH,MATCH,MATCH,MATCH,ABSENT,1.0,0.0
"Fama, E. F. (1970). Efficient capital markets: A review of theory and empirical work. The Journal of Finance, 25(2), 383-417.",Economics,mixtral_8x7b_47b_a13b,verified,MATCH,MATCH,MATCH,MATCH,ABSENT,1.0,0.0
"Anderson, L. W., & Krathwohl, D. R. (2001). A taxonomy for learning, teaching, and assessing: A revision of Bloom's taxonomy of educational objectives. Longman.",Education,mixtral_8x7b_47b_a13b,verified,MATCH,MATCH,MATCH,UNCONFIRMED,ABSENT,0.8,0.2
"Darling-Hammond, L. (2010). The flat world and education: How America’s commitment to equity will determine our future. Teachers College Press.",Education,mixtral_8x7b_47b_a13b,verified,MATCH,MATCH,UNCONFIRMED,MATCH,ABSENT,0.8,0.2
"Freire, P. (1970). Pedagogy of the oppressed. Continuum.",Education,mixtral_8x7b_47b_a13b,verified,MATCH,MATCH,MATCH,UNCONFIRMED,ABSENT,0.8,0.2
"Gardner, H. (1983). Frames of mind: The theory of multiple intelligences. Basic Books.",Education,mixtral_8x7b_47b_a13b,verified-with-error,CONTAINS,MATCH,MATCH,MATCH,ABSENT,0.8333,0.1667
"Kohn, A. (1993). Punished by rewards: The trouble with gold stars, incentive plans, A's, praise, and other bribes. Houghton Mifflin.",Education,mixtral_8x7b_47b_a13b,verified,MATCH,MATCH,MATCH,MATCH,ABSENT,1.0,0.0
"Marzano, R. J. (2007). The art and science of teaching: Building quality classroom relationships. ASCD.",Education,mixtral_8x7b_47b_a13b,verified-with-error,CONTAINS,MATCH,MATCH,MATCH,ABSENT,0.8333,0.1667
"Piaget, J. (1970). Genetic epistemology. Columbia University Press.",Education,mixtral_8x7b_47b_a13b,verified,MATCH,CONTAINS,MATCH,MATCH,ABSENT,0.9333,0.0667
"Sousa, D. A. (2006). How the brain learns. Corwin Press.",Education,mixtral_8x7b_47b_a13b,verified,MATCH,MATCH,MATCH,UNCONFIRMED,ABSENT,0.8,0.2
"Vygotsky, L. S. (1978). Mind in society: The development of higher psychological processes. Harvard University Press.",Education,mixtral_8x7b_47b_a13b,verified,MATCH,CONTAINS,MATCH,MATCH,ABSENT,0.8667,0.1333
"Zhao, Y. (2020). What works may hurt: Side effects in education. Teachers College Press.",Education,mixtral_8x7b_47b_a13b,verified,MATCH,MATCH,UNCONFIRMED,MATCH,ABSENT,0.8,0.2
"Ahmed, S., & Khalid, S. (2020). A review on renewable energy resources: Current status and future prospects. Journal of Cleaner Production, 276, 122922.",Energy,mixtral_8x7b_47b_a13b,unverified,CONTRADICTION,CONTRADICTION,CONTAINS,MATCH,ABSENT,0.0,1.0
"Breyer, C. (2019). The role of energy storage for the integration of renewable energy sources. Applied Energy, 242, 1022-1031.",Energy,mixtral_8x7b_47b_a13b,needs-human,CONTRADICTION,CONTAINS,CONTAINS,CONTAINS,ABSENT,0.0,1.0
"Dey, N., & Henze, J. (2018). Techno-economic analysis of building-integrated photovoltaic-thermal (BIPV/T) systems for residential applications. Solar Energy, 168, 136-149.",Energy,mixtral_8x7b_47b_a13b,unverified,UNCONFIRMED,UNCONFIRMED,UNCONFIRMED,UNCONFIRMED,UNCONFIRMED,0.0,1.0
"El-Khattam, A. A., & El-Saadany, E. F. (2019). Optimal scheduling of microgrids considering demand response and energy storage systems. IEEE Transactions on Sustainable Energy, 10(1), 355-364.",Energy,mixtral_8x7b_47b_a13b,unverified,UNCONFIRMED,UNCONFIRMED,UNCONFIRMED,UNCONFIRMED,UNCONFIRMED,0.0,1.0
"Gao, Y., & Bai, Y. (2020). A review on the integration of wind energy into power systems. Renewable and Sustainable Energy Reviews, 119, 109652.",Energy,mixtral_8x7b_47b_a13b,unverified,UNCONFIRMED,UNCONFIRMED,UNCONFIRMED,UNCONFIRMED,UNCONFIRMED,0.0,1.0
"Hoseini, M., & Wahid, A. (2018). A review on the integration of renewable energy sources into power systems: Challenges and solutions. Renewable and Sustainable Energy Reviews, 88, 1-16.",Energy,mixtral_8x7b_47b_a13b,unverified,CONTRADICTION,CONTRADICTION,CONTRADICTION,CONTAINS,ABSENT,0.0,1.0
"Jafari, M., & Gholami, M. (2019). Optimal sizing and placement of distributed generation in distribution networks using a hybrid optimization algorithm. Journal of Cleaner Production, 244, 1188-1201.",Energy,mixtral_8x7b_47b_a13b,unverified,UNCONFIRMED,UNCONFIRMED,UNCONFIRMED,UNCONFIRMED,UNCONFIRMED,0.0,1.0
"Li, X., & He, Y. (2020). A review on the integration of electric vehicles into power systems. Applied Energy, 272, 115054.",Energy,mixtral_8x7b_47b_a13b,unverified,UNCONFIRMED,UNCONFIRMED,UNCONFIRMED,UNCONFIRMED,UNCONFIRMED,0.0,1.0
"Qureshi, A. A., & Siddiqui, A. M. (2018). A review on renewable energy resources and their utilization in Pakistan. Renewable and Sustainable Energy Reviews, 88, 105-121.",Energy,mixtral_8x7b_47b_a13b,unverified,CONTRADICTION,CONTRADICTION,CONTRADICTION,MATCH,ABSENT,0.0,1.0
"Zhang, J., & Lu, Z. (2019). A review on the integration of energy storage systems into power systems. Applied Energy, 257, 113856.",Energy,mixtral_8x7b_47b_a13b,unverified,UNCONFIRMED,UNCONFIRMED,UNCONFIRMED,UNCONFIRMED,UNCONFIRMED,0.0,1.0
"Intergovernmental Panel on Climate Change (IPCC) (2018). Global Warming of 1.5°C. An IPCC Special Report on the impacts of global warming of 1.5°C above pre-industrial levels and related global greenhouse gas emission pathways, in the context of strengthening the global response to the threat of climate change, sustainable development, and efforts to eradicate poverty.",Environmental Science,mixtral_8x7b_47b_a13b,verified-with-error,MATCH,CONTAINS,CONTAINS,CONTAINS,ABSENT,0.6667,0.3333
"Hoegh-Guldberg, O., D. Jacob, M. Taylor et al. (2019). Impacts of 1.5°C Global Warming on Natural and Human Systems. In: Global Warming of 1.5°C. An IPCC Special Report on the impacts of global warming of 1.5°C above pre-industrial levels and related global greenhouse gas emission pathways, in the context of strengthening the global response to the threat of climate change, sustainable development, and efforts to eradicate poverty.",Environmental Science,mixtral_8x7b_47b_a13b,verified-with-error,MATCH,MATCH,UNCONFIRMED,CONTAINS,ABSENT,0.7,0.3
"Barros, V.R., C.B. Field, D.J. Wannier et al. (Eds.) (2014). Climate Change 2014: Impacts, Vulnerability and Adaptation. Contribution of Working Group II to the Fifth Assessment Report of the Intergovernmental Panel on Climate Change.",Environmental Science,mixtral_8x7b_47b_a13b,verified-with-error,CONTAINS,MATCH,MATCH,CONTAINS,ABSENT,0.7333,0.2667
"Pereira, H.M., L.F. Olander, M.T. Syphard et al. (2010). Predicting the impacts of global climate change on the distribution of California’s vegetation. California Climate Change Center, CCCC-021.",Environmental Science,mixtral_8x7b_47b_a13b,unverified,CONTRADICTION,UNCONFIRMED,UNCONFIRMED,UNCONFIRMED,ABSENT,0.0,1.0
"Corvalán, C.F., A. Herrera, and A. Kovats (2009). Health effects of climate change in Latin America. The Lancet, 374(9686), 454-461.",Environmental Science,mixtral_8x7b_47b_a13b,unverified,UNCONFIRMED,UNCONFIRMED,UNCONFIRMED,UNCONFIRMED,UNCONFIRMED,0.0,1.0
"Aaheim, A., K. Hallegatte, U.R. Sumaila et al. (2009). Economic impacts of climate change: An introduction. Environmental Science & Policy, 12(4), 401-403.",Environmental Science,mixtral_8x7b_47b_a13b,unverified,UNCONFIRMED,UNCONFIRMED,UNCONFIRMED,UNCONFIRMED,UNCONFIRMED,0.0,1.0
"Fuss, S., J. Lamb, C. Callaghan et al. (2018). Negative emissions—Part 2: Costs, potentials and side effects. Environmental Research Letters, 13(6), 063002.",Environmental Science,mixtral_8x7b_47b_a13b,verified,MATCH,MATCH,MATCH,MATCH,ABSENT,1.0,0.0
"Smith, P., M. Bustamante, H. Ahammad et al. (2014). Agriculture, Forestry and Other Land Use (AFOLU). In: Climate Change 2014: Mitigation of Climate Change. Contribution of Working Group III to the Fifth Assessment Report of the Intergovernmental Panel on Climate Change.",Environmental Science,mixtral_8x7b_47b_a13b,verified,MATCH,MATCH,MATCH,MATCH,ABSENT,1.0,0.0
"Sedjo, R.A., and J. Sohngen (2012). Carbon sequestration in forests and soils. Annual Review of Resource Economics, 4, 23-47.",Environmental Science,mixtral_8x7b_47b_a13b,verified,MATCH,MATCH,MATCH,MATCH,ABSENT,1.0,0.0
"Searchinger, T., R. Heimlich, R.A. Houghton et al. (2009). Fixing a critical climate accounting error. Science, 326(5958), 1642-1643.",Environmental Science,mixtral_8x7b_47b_a13b,verified-with-error,MATCH,CONTRADICTION,MATCH,MATCH,ABSENT,0.4667,0.5333
"Alcott, L. M. (1868). Little women. Roberts Brothers.",Girls education,mixtral_8x7b_47b_a13b,needs-human,CONTAINS,MATCH,CONTRADICTION,UNCONFIRMED,ABSENT,0.2333,0.7667
"Anderson, J. (2017). The impact of girls' education on child marriage and early childbearing in sub-Saharan Africa. Journal of Adolescent Health, 61(2), 159-164.",Girls education,mixtral_8x7b_47b_a13b,unverified,UNCONFIRMED,UNCONFIRMED,UNCONFIRMED,UNCONFIRMED,UNCONFIRMED,0.0,1.0
"King, E. J., & Hill, H. (2015). Gender differences in the effects of primary school quality on educational attainment in Malawi. Compare: A Journal of Comparative and International Education, 45(5), 758-778.",Girls education,mixtral_8x7b_47b_a13b,unverified,UNCONFIRMED,UNCONFIRMED,UNCONFIRMED,UNCONFIRMED,UNCONFIRMED,0.0,1.0
"Mensch, B. S., & Lloyd, C. B. (2008). The impact of secondary schooling on women's childbearing in rural Mali. Demography, 45(3), 585-607.",Girls education,mixtral_8x7b_47b_a13b,unverified,CONTRADICTION,MATCH,MATCH,CONTRADICTION,ABSENT,0.0,1.0
"Nielsen, K. (2012). The impact of female education on child mortality: Evidence from Bangladesh. Demography, 49(3), 869-891.",Girls education,mixtral_8x7b_47b_a13b,unverified,UNCONFIRMED,UNCONFIRMED,UNCONFIRMED,UNCONFIRMED,UNCONFIRMED,0.0,1.0
"Osei, A., & Kumi-Kyereme, K. (2016). Gender disparities in access to and completion of basic education in Ghana: A multilevel analysis. International Journal of Educational Development, 49, 76-86.",Girls education,mixtral_8x7b_47b_a13b,unverified,UNCONFIRMED,UNCONFIRMED,UNCONFIRMED,UNCONFIRMED,UNCONFIRMED,0.0,1.0
"Patrinos, H. A., & White, H. (1999). Returns to schooling in Ghana: A human capital approach. The Journal of Human Resources, 34(3), 525-544.",Girls education,mixtral_8x7b_47b_a13b,unverified,UNCONFIRMED,UNCONFIRMED,UNCONFIRMED,UNCONFIRMED,UNCONFIRMED,0.0,1.0
"Sarvi, M., & Mohammadi, E. (2016). The effect of education on fertility: A panel data analysis for Iran. Journal of Population Research, 33(1), 35-56.",Girls education,mixtral_8x7b_47b_a13b,unverified,UNCONFIRMED,UNCONFIRMED,UNCONFIRMED,UNCONFIRMED,UNCONFIRMED,0.0,1.0
"Unterhalter, E. (2005). Gender, poverty and education: Missing links in the measurement of progress. International Review of Education, 51(3-4), 269-288.",Girls education,mixtral_8x7b_47b_a13b,unverified,UNCONFIRMED,UNCONFIRMED,UNCONFIRMED,UNCONFIRMED,UNCONFIRMED,0.0,1.0
"Velathy, B. (2016). Women's education and child nutrition in India. Journal of Development Economics, 121, 165-178.",Girls education,mixtral_8x7b_47b_a13b,unverified,UNCONFIRMED,UNCONFIRMED,UNCONFIRMED,UNCONFIRMED,UNCONFIRMED,0.0,1.0
CDC (Centers for Disease Control and Prevention) (2020). About COVID-19. Retrieved from <https://www.cdc.gov/coronavirus/2019-ncov/index.html>,Health,mixtral_8x7b_47b_a13b,verified-with-error,CONTAINS,MATCH,UNCONFIRMED,ABSENT,MATCH,0.6765,0.3235
WHO (World Health Organization) (2018). Global status report on noncommunicable diseases 2014. Geneva: World Health Organization.,Health,mixtral_8x7b_47b_a13b,verified-with-error,MATCH,MATCH,CONTRADICTION,MATCH,ABSENT,0.6,0.4
"Hu, G., & Wang, Y. (2020). The epidemiological characteristics of 2143 pediatric patients with 2019 coronavirus disease in China. Pediatrics, 145(6), e20200979.",Health,mixtral_8x7b_47b_a13b,needs-human,CONTAINS,CONTRADICTION,MATCH,MATCH,ABSENT,0.3,0.7
"Wang, C., Horby, P. W., Hayden, F. G., & Gao, G. (2020). A novel coronavirus outbreak of global health concern. The Lancet, 395(10223), 470-473.",Health,mixtral_8x7b_47b_a13b,verified,MATCH,CONTAINS,MATCH,MATCH,ABSENT,0.8667,0.1333
"Czeisler, M. É., Lane, R. I., Petrosky, E., Wiley, J. F., Christensen, A., & Njai, R. (2020). Mental Health, Substance Use, and Suicidal Ideation During the COVID-19 Pandemic—United States, June 24–30, 2020. Morbidity and Mortality Weekly Report, 69(32), 1049-1057.",Health,mixtral_8x7b_47b_a13b,verified,MATCH,CONTAINS,MATCH,MATCH,ABSENT,0.8667,0.1333
"NCD Risk Factor Collaboration (NCD-RisC) (2020). Worldwide trends in diabetes since 1980: a pooled analysis of 751 population-based studies with 4.4 million participants. The Lancet, 387(10027), 1513-1525.",Health,mixtral_8x7b_47b_a13b,verified-with-error,MATCH,MATCH,CONTRADICTION,MATCH,ABSENT,0.6,0.4
"GBD 2017 Diseases and Injuries Collaborators (2018). Global, regional, and national incidence, prevalence, and years lived with disability for 354 diseases and injuries for 195 countries and territories, 1990–2017: a systematic analysis for the Global Burden of Disease Study 2017. The Lancet, 392(10159), 1789-1858.",Health,mixtral_8x7b_47b_a13b,verified,MATCH,MATCH,MATCH,MATCH,ABSENT,1.0,0.0
"Feigin, V. L., Abajobir, A. A., Abate, K. H., Abd-Allah, F., Abdulkadir, A., Abera, S. F., ... & Heredia, A. C. (2017). Global, regional, and national burden of stroke and its risk factors, 1990–2016: a systematic analysis for the Global Burden of Disease Study 2016. The Lancet Neurology, 16(11), 937-980.",Health,mixtral_8x7b_47b_a13b,needs-human,CONTAINS,CONTAINS,CONTRADICTION,MATCH,ABSENT,0.3,0.7
"Afshin, A., Forouzanfar, M. H., Reitsma, M. B., Sur, P., Estep, K., Lee, A. C., ... & Delwiche, K. (2017). Global, regional, and national comparative risk assessment of 79 behavioural, environmental and occupational, and metabolic risks or clusters of risks, 1990–2015: a systematic analysis for the Global Burden of Disease Study 2015. The Lancet, 388(10053), 1659-1724.",Health,mixtral_8x7b_47b_a13b,verified-with-error,MATCH,CONTRADICTION,CONTAINS,MATCH,ABSENT,0.3667,0.6333
"Lim, S. S., Vos, T., Flaxman, A. D., Danaei, G., Shibuya, K., Adair-Rohani, H., ... & Ezzati, M. (2012). A comparative risk assessment of burden of disease and injury attributable to 67 risk factors and risk factor clusters in 21 regions, 1990–2010: a systematic analysis for the Global Burden of Disease Study 2010. The Lancet, 380(9859), 2224-2260.",Health,mixtral_8x7b_47b_a13b,verified,MATCH,MATCH,MATCH,MATCH,ABSENT,1.0,0.0
"Ahmed, S., Vellinga, A., & Edmunds, W. J. (2006). The impact of vaccination on the transmission dynamics of infectious diseases: A generalized model analysis. Mathematical Biosciences, 204(1), 1-21.",Infectious disease,mixtral_8x7b_47b_a13b,unverified,UNCONFIRMED,UNCONFIRMED,UNCONFIRMED,UNCONFIRMED,UNCONFIRMED,0.0,1.0
"Baral, S. D., & Galvani, A. (2",Infectious disease,mixtral_8x7b_47b_a13b,verified,MATCH,MATCH,MATCH,MATCH,ABSENT,1.0,0.0
"Lengeler, C. (2004). Insecticide-treated bed nets and curtains for preventing malaria. Cochrane Database of Systematic Reviews, (3), CD000363.",Insecticide-treated bed nets for malaria,mixtral_8x7b_47b_a13b,unverified,UNCONFIRMED,UNCONFIRMED,UNCONFIRMED,UNCONFIRMED,UNCONFIRMED,0.0,1.0
"Ter Kuile, F. O., Walker, N., Gerber, M., & Schellenberg, D. (2003). Insecticide-treated nets for preventing malaria. Lancet Infectious Diseases, 3(2), 74-84.",Insecticide-treated bed nets for malaria,mixtral_8x7b_47b_a13b,unverified,UNCONFIRMED,UNCONFIRMED,UNCONFIRMED,UNCONFIRMED,UNCONFIRMED,0.0,1.0
"Konradsen, F., & Lengeler, C. (2004). Insecticide-treated materials for preventing malaria. Tropical Medicine & International Health, 9(6), 620-630.",Insecticide-treated bed nets for malaria,mixtral_8x7b_47b_a13b,unverified,CONTAINS,UNCONFIRMED,UNCONFIRMED,UNCONFIRMED,UNCONFIRMED,0.125,0.875
"Jawara, M. M., D'Alessandro, U., & Nosten, F. (2012). Insecticide-treated nets and malaria control: Lessons learned and the road ahead. American Journal of Tropical Medicine and Hygiene, 86(5), 773-778.",Insecticide-treated bed nets for malaria,mixtral_8x7b_47b_a13b,unverified,UNCONFIRMED,UNCONFIRMED,UNCONFIRMED,UNCONFIRMED,UNCONFIRMED,0.0,1.0
"Kilian, A., Duparc, S., N'Guessan, R., Corbel, V., & N'Fale, M. (2012). Insecticide-treated nets: A review of their use in the control of malaria. Malaria Journal, 11(1), 1-16.",Insecticide-treated bed nets for malaria,mixtral_8x7b_47b_a13b,unverified,UNCONFIRMED,UNCONFIRMED,UNCONFIRMED,UNCONFIRMED,UNCONFIRMED,0.0,1.0
"Matovu, J. K., & Ocaido, M. (2016). Insecticide-treated nets for malaria prevention in Uganda: A review of the literature. Journal of Public Health in Africa, 7(1), e2016001.",Insecticide-treated bed nets for malaria,mixtral_8x7b_47b_a13b,unverified,CONTRADICTION,CONTRADICTION,CONTRADICTION,MATCH,ABSENT,0.0,1.0
"Tami, A., & Konradsen, F. (2018). Insecticide-treated nets and their role in malaria control: A systematic review. Malaria Journal, 17(1), 1-12.",Insecticide-treated bed nets for malaria,mixtral_8x7b_47b_a13b,unverified,UNCONFIRMED,UNCONFIRMED,UNCONFIRMED,UNCONFIRMED,UNCONFIRMED,0.0,1.0
"Mukabana, W. R., Kihonda, J., & Killeen, G. F. (2018). Insecticide-treated nets for malaria prevention: A review of their use in Africa. African Journal of Tropical Medicine and Parasitology, 8(1), 1-11.",Insecticide-treated bed nets for malaria,mixtral_8x7b_47b_a13b,needs-human,MATCH,CONTRADICTION,CONTRADICTION,MATCH,ABSENT,0.0667,0.9333
"Esu, E. I., & Ehiri, J. E. (2019). Insecticide-treated nets for preventing malaria in pregnancy. Cochrane Database of Systematic Reviews, (1), CD008121.",Insecticide-treated bed nets for malaria,mixtral_8x7b_47b_a13b,verified-with-error,MATCH,CONTRADICTION,CONTAINS,MATCH,ABSENT,0.3667,0.6333
"Briët, O. J., Penny, M. A., & Alonso, P. (2019). Insecticide-treated nets for preventing malaria. The Cochrane Database of Systematic Reviews, 11(11), CD000363.",Insecticide-treated bed nets for malaria,mixtral_8x7b_47b_a13b,verified,MATCH,MATCH,CONTAINS,MATCH,ABSENT,0.9,0.1
World Health Organization. (2021). World malaria report 2020. World Health Organization.,Malaria prevention,mixtral_8x7b_47b_a13b,unverified,CONTRADICTION,UNCONFIRMED,CONTAINS,CONTAINS,ABSENT,0.0,1.0
"Stauffer, W. M., & Hwang, J. (2020). Malaria elimination: Translating evidence into action. The Lancet Infectious Diseases, 20(5), e158-e159.",Malaria prevention,mixtral_8x7b_47b_a13b,unverified,MATCH,CONTRADICTION,CONTRADICTION,CONTRADICTION,ABSENT,0.0,1.0
"Steketee, R. W., & Schulze, A. (2019). The economic and social burden of malaria. In Malaria: Biology, Infection, and Control (pp. 3-21). Academic Press.",Malaria prevention,mixtral_8x7b_47b_a13b,unverified,UNCONFIRMED,UNCONFIRMED,UNCONFIRMED,UNCONFIRMED,UNCONFIRMED,0.0,1.0
"D'Alessandro, U., & Dondorp, A. M. (2019). Drug resistance in malaria parasites. Cold Spring Harbor perspectives in medicine, 9(1), a029857.",Malaria prevention,mixtral_8x7b_47b_a13b,unverified,UNCONFIRMED,UNCONFIRMED,UNCONFIRMED,UNCONFIRMED,UNCONFIRMED,0.0,1.0
"Okell, L. C., & Snow, R. W. (2014). The role of insecticide-treated nets in malaria control. Expert review of anti-infective therapy, 12(11), 1387-1401.",Malaria prevention,mixtral_8x7b_47b_a13b,unverified,UNCONFIRMED,UNCONFIRMED,UNCONFIRMED,UNCONFIRMED,UNCONFIRMED,0.0,1.0
"Baird, J. K., Barnes, K. I., & Drakeley, C. (2018). The impact of malaria on anaemia in pregnancy: A systematic review and meta-analysis. Malaria journal, 17(1), 1-15.",Malaria prevention,mixtral_8x7b_47b_a13b,unverified,UNCONFIRMED,UNCONFIRMED,UNCONFIRMED,UNCONFIRMED,UNCONFIRMED,0.0,1.0
"ter Kuile, F. O., & Korenromp, E. L. (2017). Malaria prevention in pregnancy: the role of intermittent preventive treatment. Expert review of vaccines, 16(5), 517-528.",Malaria prevention,mixtral_8x7b_47b_a13b,unverified,UNCONFIRMED,UNCONFIRMED,UNCONFIRMED,UNCONFIRMED,UNCONFIRMED,0.0,1.0
"Nosten, F., & White, N. J. (2017). Antimalarial drug resistance. Cold Spring Harbor perspectives in medicine, 7(1), a026505.",Malaria prevention,mixtral_8x7b_47b_a13b,unverified,UNCONFIRMED,UNCONFIRMED,UNCONFIRMED,UNCONFIRMED,UNCONFIRMED,0.0,1.0
"Eisele, T. P., & Kramer, K. (2017). Malaria elimination: progress and challenges. The Lancet Global Health, 5(5), e467-e468.",Malaria prevention,mixtral_8x7b_47b_a13b,unverified,CONTRADICTION,CONTRADICTION,MATCH,CONTRADICTION,ABSENT,0.0,1.0
"Alonso, P. L., & Noor, A. M. (2017). Malaria surveillance and response in the era of elimination. The Lancet Global Health, 5(5), e469-e470.",Malaria prevention,mixtral_8x7b_47b_a13b,unverified,UNCONFIRMED,UNCONFIRMED,UNCONFIRMED,UNCONFIRMED,UNCONFIRMED,0.0,1.0
"Ahlin, C., & Ji, X. (2014). Does microfinance graduation work? World Development, 61, 82-97.",Microfinance loan repayment,mixtral_8x7b_47b_a13b,verified-with-error,MATCH,MATCH,MATCH,CONTRADICTION,ABSENT,0.6,0.4
"Banerjee, A., Duflo, E., Glennerster, R., & Kinnan, C. (2015). The miracle of microfinance? Evidence from a randomized evaluation. Management Science, 61(10), 2261-2282.",Microfinance loan repayment,mixtral_8x7b_47b_a13b,unverified,UNCONFIRMED,UNCONFIRMED,UNCONFIRMED,UNCONFIRMED,UNCONFIRMED,0.0,1.0
"Cull, R., Demirgüç-Kunt, A., & Morduch, J. (2011). Microfinance meets market principles: Experimental evidence from Bosnia and Herzegovina. Journal of Financial Economics, 99(3), 457-472.",Microfinance loan repayment,mixtral_8x7b_47b_a13b,needs-human,MATCH,CONTRADICTION,MATCH,CONTRADICTION,ABSENT,0.0667,0.9333
"Duvendack, M., Palmer-Jones, R., Masters, R., & Pettigrew, J. (2011). What is the evidence of the impact of microfinance on the well-being of poor people? Journal of Development Effectiveness, 3(4), 458-477.",Microfinance loan repayment,mixtral_8x7b_47b_a13b,unverified,UNCONFIRMED,UNCONFIRMED,UNCONFIRMED,UNCONFIRMED,UNCONFIRMED,0.0,1.0
"Gine, X., & Karlan, D. S. (2014). Microcredit and microfinance: What we know and what we don't. In Handbook of Development Economics (Vol. 5B, pp. 2509-2555). Elsevier.",Microfinance loan repayment,mixtral_8x7b_47b_a13b,needs-human,MATCH,CONTRADICTION,CONTRADICTION,MATCH,ABSENT,0.0667,0.9333
"Khandker, S. R., & Samad, H. (2014). Microfinance and poverty: Evidence using panel data from Bangladesh. The World Bank Economic Review, 28(1), 125-152.",Microfinance loan repayment,mixtral_8x7b_47b_a13b,needs-human,CONTAINS,MATCH,CONTAINS,UNCONFIRMED,ABSENT,0.5333,0.4667
"Morduch, J. (1999). Does microfinance really help the poor? Facts and fictions about microfinance. Economic Development Journal, 8(2), 13-27.",Microfinance loan repayment,mixtral_8x7b_47b_a13b,verified-with-error,CONTAINS,MATCH,MATCH,MATCH,ABSENT,0.8333,0.1667
"Pitt, M. M., & Khandker, S. R. (1998). The impact of group-based credit programs on poor households in Bangladesh: Does the gender of the borrower matter? The Journal of Political Economy, 106(5), 958-981.",Microfinance loan repayment,mixtral_8x7b_47b_a13b,unverified,UNCONFIRMED,UNCONFIRMED,UNCONFIRMED,UNCONFIRMED,UNCONFIRMED,0.0,1.0
"Tarazi, F., & Brett, E. (2014). Microfinance and financial inclusion: A review of the evidence. Enterprise Development and Microfinance, 25(1), 1-18.",Microfinance loan repayment,mixtral_8x7b_47b_a13b,unverified,UNCONFIRMED,UNCONFIRMED,UNCONFIRMED,UNCONFIRMED,UNCONFIRMED,0.0,1.0
"van Rooyen, M., & de Wet, C. (2011). Microfinance and poverty alleviation in South Africa: A review of the literature. Development Southern Africa, 28(4), 475-487.",Microfinance loan repayment,mixtral_8x7b_47b_a13b,unverified,UNCONFIRMED,UNCONFIRMED,UNCONFIRMED,UNCONFIRMED,UNCONFIRMED,0.0,1.0
"Banerjee, S., & Abdelkader, A. (2020). Mini-grids for rural electrification: A review of the current status and future prospects. Renewable and Sustainable Energy Reviews, 122, 109518.",Mini-grid electrification,mixtral_8x7b_47b_a13b,unverified,UNCONFIRMED,UNCONFIRMED,UNCONFIRMED,UNCONFIRMED,UNCONFIRMED,0.0,1.0
"Karekezi, S., & Kithyoma, D. (2017). Mini-grids for rural electrification in Sub-Saharan Africa: A survey of policy and regulatory frameworks. Energy for Sustainable Development, 39, 50-60.",Mini-grid electrification,mixtral_8x7b_47b_a13b,unverified,UNCONFIRMED,UNCONFIRMED,UNCONFIRMED,UNCONFIRMED,UNCONFIRMED,0.0,1.0
"Geng, Y., & Jiang, L. (2016). Review on the design and operation of hybrid mini-grids for rural electrification. Applied Energy, 164, 305-320.",Mini-grid electrification,mixtral_8x7b_47b_a13b,unverified,UNCONFIRMED,UNCONFIRMED,UNCONFIRMED,UNCONFIRMED,UNCONFIRMED,0.0,1.0
"Gad, H. A., & Kirubi, J. M. (2017). Mini-grids for rural electrification in Kenya: A review of the policy and regulatory framework. Energy Policy, 105, 42-51.",Mini-grid electrification,mixtral_8x7b_47b_a13b,unverified,UNCONFIRMED,UNCONFIRMED,UNCONFIRMED,UNCONFIRMED,UNCONFIRMED,0.0,1.0
"Ghirol, B., & Giwa, A. (2016). Mini-grids for rural electrification in developing countries: A review of the recent literature. Renewable and Sustainable Energy Reviews, 58, 1650-1665.",Mini-grid electrification,mixtral_8x7b_47b_a13b,unverified,UNCONFIRMED,UNCONFIRMED,UNCONFIRMED,UNCONFIRMED,UNCONFIRMED,0.0,1.0
"Kizito, F., & Karekezi, S. (2016). Mini-grids for rural electrification in East Africa: A review of the policy and regulatory framework. Energy Policy, 98, 22-32.",Mini-grid electrification,mixtral_8x7b_47b_a13b,unverified,UNCONFIRMED,UNCONFIRMED,UNCONFIRMED,UNCONFIRMED,UNCONFIRMED,0.0,1.0
"Menon, J., & Palit, D. (2016). Mini-grids for rural electrification in India: A review of the policy and regulatory framework. Energy Policy, 95, 25-35.",Mini-grid electrification,mixtral_8x7b_47b_a13b,unverified,UNCONFIRMED,UNCONFIRMED,UNCONFIRMED,UNCONFIRMED,UNCONFIRMED,0.0,1.0
"Munkhammar, J., & Söder, K. (2016). Mini-grids for rural electrification in Tanzania: A review of the policy and regulatory framework. Energy Policy, 96, 36-46.",Mini-grid electrification,mixtral_8x7b_47b_a13b,unverified,UNCONFIRMED,UNCONFIRMED,UNCONFIRMED,UNCONFIRMED,UNCONFIRMED,0.0,1.0
"Nussbaumer, P., & Kleiber, C. (2018). Mini-grids for rural electrification in Nepal: A review of the policy and regulatory framework. Renewable Energy, 126, 682-693.",Mini-grid electrification,mixtral_8x7b_47b_a13b,unverified,UNCONFIRMED,UNCONFIRMED,UNCONFIRMED,UNCONFIRMED,UNCONFIRMED,0.0,1.0
"Oyedepo, S. O. (2012). Mini-grids for rural electrification in Nigeria: A review of the policy and regulatory framework. Renewable and Sustainable Energy Reviews, 16(5), 2582-2594.",Mini-grid electrification,mixtral_8x7b_47b_a13b,unverified,UNCONFIRMED,UNCONFIRMED,UNCONFIRMED,UNCONFIRMED,UNCONFIRMED,0.0,1.0
"Barnett, M., Thambusamy, B., & Zhang, J. (2020). Mobile banking adoption: A review and future research directions. Journal of Financial Services Marketing, 35(2), 127-145.",Mobile banking,mixtral_8x7b_47b_a13b,unverified,CONTRADICTION,UNCONFIRMED,MATCH,UNCONFIRMED,ABSENT,0.0,1.0
"Chawla, S., & Joshi, M. (2019). Mobile banking adoption: An empirical study of Indian banks. Journal of Retailing and Consumer Services, 51, 166-176.",Mobile banking,mixtral_8x7b_47b_a13b,unverified,UNCONFIRMED,UNCONFIRMED,UNCONFIRMED,UNCONFIRMED,UNCONFIRMED,0.0,1.0
"Deb, S., & Lai, K. H. (2020). Mobile banking adoption in developing countries: A review and future research directions. Telematics and Informatics, 49, 101342.",Mobile banking,mixtral_8x7b_47b_a13b,unverified,UNCONFIRMED,UNCONFIRMED,UNCONFIRMED,UNCONFIRMED,UNCONFIRMED,0.0,1.0
"Hasan, M. R., & Haque, E. (2018). Mobile banking adoption in Bangladesh: An empirical study. Journal of Internet Banking and Commerce, 23(3), 1-22.",Mobile banking,mixtral_8x7b_47b_a13b,unverified,CONTRADICTION,CONTRADICTION,CONTRADICTION,CONTRADICTION,ABSENT,0.0,1.0
"Karjaluoto, H., & Huotari, M. (2019). Mobile banking: A literature review and future research agenda. Journal of Financial Services Marketing, 34(1), 1-15.",Mobile banking,mixtral_8x7b_47b_a13b,unverified,UNCONFIRMED,UNCONFIRMED,UNCONFIRMED,UNCONFIRMED,UNCONFIRMED,0.0,1.0
"Lee, S., & Lee, Y. (2020). The effects of mobile banking service quality on customer satisfaction and loyalty: The moderating role of trust. International Journal of Information Management, 51, 102144.",Mobile banking,mixtral_8x7b_47b_a13b,unverified,CONTRADICTION,CONTRADICTION,CONTRADICTION,CONTAINS,ABSENT,0.0,1.0
"Oliveira, T., & von Wangenheim, F. (2019). Mobile banking: A literature review and future research directions. Journal of Financial Services Marketing, 34(1), 16-30.",Mobile banking,mixtral_8x7b_47b_a13b,unverified,CONTRADICTION,MATCH,CONTRADICTION,CONTRADICTION,ABSENT,0.0,1.0
"Riquelme, H., & Rios, R. (2019). Mobile banking adoption: A systematic literature review. Journal of Business Research, 102, 255-267.",Mobile banking,mixtral_8x7b_47b_a13b,unverified,CONTRADICTION,CONTRADICTION,MATCH,CONTRADICTION,ABSENT,0.0,1.0
"Shankar, K., & Yadav, M. (2020). Mobile banking adoption in India: An empirical study. Journal of Internet Banking and Commerce, 25(1), 1-22.",Mobile banking,mixtral_8x7b_47b_a13b,unverified,CONTRADICTION,CONTAINS,CONTRADICTION,CONTRADICTION,ABSENT,0.0,1.0
"Ting, H., & Chen, H. (2018). Mobile banking adoption in Taiwan: An empirical study. Journal of Internet Banking and Commerce, 23(3), 1-22.",Mobile banking,mixtral_8x7b_47b_a13b,verified-with-error,MATCH,MATCH,MATCH,CONTRADICTION,ABSENT,0.6,0.4
"Dahl, R. A. (1956). A preface to democratic theory. Yale University Press.",Political Science,mixtral_8x7b_47b_a13b,verified,MATCH,MATCH,MATCH,MATCH,ABSENT,1.0,0.0
"Putnam, R. D. (2000). Bowling alone: The collapse and revival of American community. Simon and Schuster.",Political Science,mixtral_8x7b_47b_a13b,verified,MATCH,MATCH,MATCH,MATCH,ABSENT,1.0,0.0
"Lipset, S. M. (1960). Political man: The social bases of politics. Doubleday.",Political Science,mixtral_8x7b_47b_a13b,verified,MATCH,MATCH,MATCH,UNCONFIRMED,ABSENT,0.8,0.2
"Schattschneider, E. E. (1942). Party government. Holt, Rinehart and Winston.",Political Science,mixtral_8x7b_47b_a13b,verified,MATCH,MATCH,MATCH,CONTAINS,ABSENT,0.9,0.1
"Downs, A. (1957). An economic theory of democracy. Harper & Row.",Political Science,mixtral_8x7b_47b_a13b,verified,MATCH,MATCH,MATCH,UNCONFIRMED,ABSENT,0.8,0.2
"Lijphart, A. (1968). The politics of accommodation: Pluralism and democracy in the Netherlands. University of California Press.",Political Science,mixtral_8x7b_47b_a13b,verified-with-error,MATCH,CONTAINS,MATCH,UNCONFIRMED,ABSENT,0.6667,0.3333
"Przeworski, A., & Stokes, S. (1999). Democracy, accountability, and representation. Cambridge University Press.",Political Science,mixtral_8x7b_47b_a13b,verified,MATCH,MATCH,MATCH,MATCH,ABSENT,1.0,0.0
"Tilly, C. (2007). Democracy. Cambridge University Press.",Political Science,mixtral_8x7b_47b_a13b,verified,MATCH,MATCH,MATCH,MATCH,ABSENT,1.0,0.0
"Held, D. (2006). Models of democracy. Stanford University Press.",Political Science,mixtral_8x7b_47b_a13b,verified,MATCH,MATCH,UNCONFIRMED,MATCH,ABSENT,0.8,0.2
"Zakaria, F. (2003). The future of freedom: Illiberal democracy at home and abroad. W.W. Norton & Company.",Political Science,mixtral_8x7b_47b_a13b,verified,MATCH,MATCH,MATCH,MATCH,ABSENT,1.0,0.0
"Hoang, T. D., Le, Z. V., & Phuong, L. T. (2020). A review on renewable energy forecasting methods: Probabilistic and deep learning approaches. Renewable and Sustainable Energy Reviews, 125, 109732.",Renewable energy,mixtral_8x7b_47b_a13b,unverified,CONTRADICTION,CONTRADICTION,MATCH,MATCH,ABSENT,0.0,1.0
"Castellani, F., Tenti, G., & Vultaggio, M. (2019). A review of the state of the art in renewable energy forecasting. Energies, 12(9), 1770.",Renewable energy,mixtral_8x7b_47b_a13b,unverified,CONTRADICTION,CONTRADICTION,MATCH,CONTRADICTION,ABSENT,0.0,1.0
"Zhang, J., He, Y., & Yang, D. (2020). A review on the integration of renewable energy into power systems: Challenges and solutions. Applied Energy, 277, 115445.",Renewable energy,mixtral_8x7b_47b_a13b,unverified,UNCONFIRMED,UNCONFIRMED,UNCONFIRMED,UNCONFIRMED,UNCONFIRMED,0.0,1.0
"Tsao, M. C., & Chen, Y. C. (2019). A review of renewable energy-based microgrids: Architectures, control, and protection. IEEE Access, 7, 59410-59431.",Renewable energy,mixtral_8x7b_47b_a13b,unverified,UNCONFIRMED,UNCONFIRMED,UNCONFIRMED,UNCONFIRMED,UNCONFIRMED,0.0,1.0
"Guo, Y., & He, Y. (2020). A review of the development and challenges of offshore wind energy in China. Renewable and Sustainable Energy Reviews, 125, 109725.",Renewable energy,mixtral_8x7b_47b_a13b,unverified,UNCONFIRMED,UNCONFIRMED,UNCONFIRMED,UNCONFIRMED,UNCONFIRMED,0.0,1.0
"Zhang, Y., & Chen, J. (2020). A review on the integration of renewable energy into transportation systems. Applied Energy, 283, 116155.",Renewable energy,mixtral_8x7b_47b_a13b,unverified,CONTRADICTION,CONTRADICTION,MATCH,MATCH,ABSENT,0.0,1.0
"Liu, J., & Wu, J. (2020). A review on the development and challenges of renewable energy in China. Renewable and Sustainable Energy Reviews, 122, 109684.",Renewable energy,mixtral_8x7b_47b_a13b,unverified,CONTRADICTION,UNCONFIRMED,CONTRADICTION,MATCH,ABSENT,0.0,1.0
"Zhang, Y., & Gao, H. (2020). A review on the integration of renewable energy into power systems based on multi-agent systems. Applied Energy, 276, 115364.",Renewable energy,mixtral_8x7b_47b_a13b,unverified,UNCONFIRMED,UNCONFIRMED,UNCONFIRMED,UNCONFIRMED,UNCONFIRMED,0.0,1.0
"Zhang, Y., & Gao, H. (2020). A review on the integration of renewable energy into power systems based on multi-agent systems. Applied Energy, 276, 115364.",Renewable energy,mixtral_8x7b_47b_a13b,unverified,UNCONFIRMED,UNCONFIRMED,UNCONFIRMED,UNCONFIRMED,UNCONFIRMED,0.0,1.0
"Zhang, J., & Gao, H. (2020). A review on the integration of renewable energy into power systems based on multi-agent systems. Applied Energy, 276, 115364.",Renewable energy,mixtral_8x7b_47b_a13b,unverified,UNCONFIRMED,UNCONFIRMED,UNCONFIRMED,UNCONFIRMED,UNCONFIRMED,0.0,1.0
"Banerjee, A., Duflo, E., & Glennerster, R. (2012). Six randomized evaluations of microfinance. Stanford Social Innovation Review, 10(2), 34-41.",Rural electrification,mixtral_8x7b_47b_a13b,unverified,UNCONFIRMED,UNCONFIRMED,UNCONFIRMED,UNCONFIRMED,UNCONFIRMED,0.0,1.0
"Bevanda, D., & Nussbaumer, P. (2015). Productive uses of electricity in rural areas: A review of the literature. Renewable and Sustainable Energy Reviews, 44, 126-140.",Rural electrification,mixtral_8x7b_47b_a13b,unverified,UNCONFIRMED,UNCONFIRMED,UNCONFIRMED,UNCONFIRMED,UNCONFIRMED,0.0,1.0
"Dinkelman, T. (2011). Productive uses of electricity in South African manufacturing: Evidence from firm-level data. Energy Policy, 39(12), 7745-7754.",Rural electrification,mixtral_8x7b_47b_a13b,unverified,UNCONFIRMED,UNCONFIRMED,UNCONFIRMED,UNCONFIRMED,UNCONFIRMED,0.0,1.0
"Esuruoso, E. O., & Oyedepo, S. O. (2015). Renewable energy technologies for rural electrification in developing countries: A review. Renewable and Sustainable Energy Reviews, 44, 106-125.",Rural electrification,mixtral_8x7b_47b_a13b,unverified,CONTRADICTION,CONTRADICTION,MATCH,CONTRADICTION,ABSENT,0.0,1.0
"Gillet, J., Gadanakis, G., & Anaya-Lara, O. (2016). Decentralized energy systems for rural electrification: A review. Applied Energy, 162, 825-840.",Rural electrification,mixtral_8x7b_47b_a13b,unverified,UNCONFIRMED,UNCONFIRMED,UNCONFIRMED,UNCONFIRMED,UNCONFIRMED,0.0,1.0
"Grimm, A., & Brent, A. C. (2016). The impact of rural electrification on education: Evidence from India. Energy Policy, 96, 208-217.",Rural electrification,mixtral_8x7b_47b_a13b,unverified,CONTRADICTION,CONTRADICTION,MATCH,CONTAINS,ABSENT,0.0,1.0
"Khandker, S. R., & Batley, R. (2012). The impact of rural electrification on poverty in Bangladesh. Energy for Sustainable Development, 16(4), 558-565.",Rural electrification,mixtral_8x7b_47b_a13b,unverified,UNCONFIRMED,UNCONFIRMED,UNCONFIRMED,UNCONFIRMED,UNCONFIRMED,0.0,1.0
"Kumar, N., & Madlberger, M. (2015). A review on rural electrification through renewable energy systems. Renewable and Sustainable Energy Reviews, 44, 141-158.",Rural electrification,mixtral_8x7b_47b_a13b,unverified,CONTRADICTION,CONTRADICTION,MATCH,MATCH,ABSENT,0.0,1.0
"Mishra, A. K., & Kumar, S. (2016). Rural electrification in developing countries: A review. Renewable and Sustainable Energy Reviews, 55, 127-144.",Rural electrification,mixtral_8x7b_47b_a13b,unverified,UNCONFIRMED,UNCONFIRMED,UNCONFIRMED,UNCONFIRMED,UNCONFIRMED,0.0,1.0
"Sagar, A. D., & Karekezi, S. (2012). Renewable energy for rural electrification in Africa: A review of the status and trends. Renewable and Sustainable Energy Reviews, 16(5), 2622-2636.",Rural electrification,mixtral_8x7b_47b_a13b,unverified,UNCONFIRMED,UNCONFIRMED,UNCONFIRMED,UNCONFIRMED,UNCONFIRMED,0.0,1.0
"Allensworth, E., & Easton, J. Q. (2007). From high school to the future: Potholes on the road to college. Educational Evaluation and Policy Analysis, 29(2), 103-125.",School dropout,mixtral_8x7b_47b_a13b,unverified,CONTRADICTION,CONTRADICTION,MATCH,MATCH,ABSENT,0.0,1.0
"Berends, M., & Penaloza, R. (2010). High school exit exams and student outcomes: A review of the evidence. Review of Educational Research, 80(4), 541-576.",School dropout,mixtral_8x7b_47b_a13b,unverified,CONTRADICTION,CONTAINS,CONTRADICTION,CONTRADICTION,ABSENT,0.0,1.0
"Christle, C. A., Jolivette, K., & Nelson, C. M. (2005). Predicting high school dropout: A multilevel analysis of student, classroom, and school characteristics. Journal of Emotional and Behavioral Disorders, 13(4), 223-233.",School dropout,mixtral_8x7b_47b_a13b,verified-with-error,CONTAINS,MATCH,MATCH,MATCH,ABSENT,0.8333,0.1667
"Finn, J. D. (1989). Withdrawing from school: Empirical trends and theoretical constructions. Review of Educational Research, 59(4), 465-504.",School dropout,mixtral_8x7b_47b_a13b,unverified,CONTRADICTION,MATCH,MATCH,CONTRADICTION,ABSENT,0.0,1.0
"Jeynes, W. H. (2007). A meta-analysis of the alliance between parents and schools based on Hattie’s synthesis. Teachers College Record, 109(10), 2285-2317.",School dropout,mixtral_8x7b_47b_a13b,unverified,CONTRADICTION,CONTRADICTION,MATCH,CONTRADICTION,ABSENT,0.0,1.0
"Liu, J., & Tyler, B. (2016). The role of school belonging in predicting high school dropout and college enrollment. Journal of Youth and Adolescence, 45(12), 2265-2278.",School dropout,mixtral_8x7b_47b_a13b,needs-human,CONTAINS,MATCH,CONTRADICTION,MATCH,ABSENT,0.4333,0.5667
"Rumberger, R. W. (1987). Dropping out of middle school: A multilevel analysis. American Educational Research Journal, 24(2), 243-264.",School dropout,mixtral_8x7b_47b_a13b,unverified,UNCONFIRMED,UNCONFIRMED,UNCONFIRMED,UNCONFIRMED,UNCONFIRMED,0.0,1.0
"Sartawi, R. A., & Aqra, N. (2019). Predictors of school dropout among Jordanian secondary school students. International Journal of School & Educational Psychology, 7(1), 1-14.",School dropout,mixtral_8x7b_47b_a13b,unverified,UNCONFIRMED,UNCONFIRMED,UNCONFIRMED,UNCONFIRMED,UNCONFIRMED,0.0,1.0
"Suh, S., Suh, E. M., & Houston, D. (2010). Predicting high school dropout: A longitudinal study of the roles of parental involvement, school engagement, and academic achievement. Journal of Educational Research, 103(6), 397-406.",School dropout,mixtral_8x7b_47b_a13b,unverified,UNCONFIRMED,UNCONFIRMED,UNCONFIRMED,UNCONFIRMED,UNCONFIRMED,0.0,1.0
"Barlow, A. E., & Durand, V. M. (2015). Abnormal psychology: An integrative approach (7th ed.). Cengage Learning.",School dropout prevention programs in rural areas,mixtral_8x7b_47b_a13b,needs-human,CONTAINS,CONTRADICTION,CONTAINS,MATCH,ABSENT,0.2,0.8
"Carroll, J. M., & Fox, J. J. (2017). The impact of school-based mentoring on academic outcomes for at-risk students. Journal of Community Psychology, 45(7), 938-951.",School dropout prevention programs in rural areas,mixtral_8x7b_47b_a13b,unverified,CONTAINS,CONTRADICTION,UNCONFIRMED,UNCONFIRMED,ABSENT,0.0,1.0
"Dey, H., & Vinze, A. (2018). A comprehensive review on dropout prediction and prevention models. In Advances in Data Mining and Applications (pp. 105-120). Springer, Cham.",School dropout prevention programs in rural areas,mixtral_8x7b_47b_a13b,unverified,UNCONFIRMED,UNCONFIRMED,UNCONFIRMED,UNCONFIRMED,UNCONFIRMED,0.0,1.0
"Dimity, S., & Rauf, A. (2017). Factors affecting school dropout and its prevention strategies: A review. Journal of Educational and Developmental Psychology, 7(1), 1-9.",School dropout prevention programs in rural areas,mixtral_8x7b_47b_a13b,unverified,UNCONFIRMED,UNCONFIRMED,UNCONFIRMED,UNCONFIRMED,UNCONFIRMED,0.0,1.0
"Fleming, D., & Ledogar, R. (2013). School-based interventions for preventing youth suicide and self-harm. Cochrane Database of Systematic Reviews, (11), CD007786.",School dropout prevention programs in rural areas,mixtral_8x7b_47b_a13b,unverified,UNCONFIRMED,UNCONFIRMED,UNCONFIRMED,UNCONFIRMED,UNCONFIRMED,0.0,1.0
"Glazer, E. (2017). The rural dropout dilemma: A case study of a rural high school. Journal of Research on Leadership Education, 12(1), 55-78.",School dropout prevention programs in rural areas,mixtral_8x7b_47b_a13b,unverified,UNCONFIRMED,UNCONFIRMED,UNCONFIRMED,UNCONFIRMED,UNCONFIRMED,0.0,1.0
"Hertzog, N., & Morgan, P. (2015). Rural education and disadvantage: Overcoming the challenges. Routledge.",School dropout prevention programs in rural areas,mixtral_8x7b_47b_a13b,unverified,UNCONFIRMED,UNCONFIRMED,UNCONFIRMED,UNCONFIRMED,UNCONFIRMED,0.0,1.0
"Huang, X., & Le, M. (2018). A systematic review of school dropout prevention programs in rural China. Journal of International Education in Business, 11(1), 35-52.",School dropout prevention programs in rural areas,mixtral_8x7b_47b_a13b,unverified,CONTRADICTION,CONTRADICTION,CONTRADICTION,CONTRADICTION,ABSENT,0.0,1.0
"Liu, J., & Lin, J. (2017). A review of school dropout prevention programs in Taiwan. Journal of Educational Computing Research, 56(3), 355-375.",School dropout prevention programs in rural areas,mixtral_8x7b_47b_a13b,unverified,UNCONFIRMED,UNCONFIRMED,UNCONFIRMED,UNCONFIRMED,UNCONFIRMED,0.0,1.0
"Moule, P., & Washington, S. (2014). Transcultural caring: A nursing process approach (4th ed.). F.A. Davis Company.",School dropout prevention programs in rural areas,mixtral_8x7b_47b_a13b,unverified,UNCONFIRMED,UNCONFIRMED,UNCONFIRMED,UNCONFIRMED,UNCONFIRMED,0.0,1.0
"Blais, A., & Loewen, P. (2020). Contextual factors and voter turnout: An analysis of 83 elections in 26 countries. Electoral Studies, 62, 102082.",Voter turnout,mixtral_8x7b_47b_a13b,unverified,UNCONFIRMED,UNCONFIRMED,UNCONFIRMED,UNCONFIRMED,UNCONFIRMED,0.0,1.0
"Dahlgaard, J. J., & Silva, J. (2019). The effect of compulsory voting on political knowledge and engagement: Evidence from a natural experiment. Electoral Studies, 60, 188-199.",Voter turnout,mixtral_8x7b_47b_a13b,unverified,CONTRADICTION,CONTRADICTION,CONTRADICTION,MATCH,ABSENT,0.0,1.0
"Hooghe, M., & De Vroome, T. (2017). Why voters turn out: A field experiment on the mobilization effect of get-out-the-vote messages. Political Behavior, 39(3), 657-678.",Voter turnout,mixtral_8x7b_47b_a13b,unverified,CONTRADICTION,CONTRADICTION,CONTAINS,CONTRADICTION,ABSENT,0.0,1.0
"Leyenaar, M. J., & Buisson, C. (2018). The effect of electoral system change on turnout: Evidence from New Zealand. Electoral Studies, 54, 168-178.",Voter turnout,mixtral_8x7b_47b_a13b,unverified,UNCONFIRMED,UNCONFIRMED,UNCONFIRMED,UNCONFIRMED,UNCONFIRMED,0.0,1.0
"Nickerson, D. W. (2007). The persistence of partisan effects in turnout: Explaining the behavior of habitual voters in the 2002 U.S. Presidential Election. Political Behavior, 29(1), 19-40.",Voter turnout,mixtral_8x7b_47b_a13b,unverified,UNCONFIRMED,UNCONFIRMED,UNCONFIRMED,UNCONFIRMED,UNCONFIRMED,0.0,1.0
"Smith, D. A. (2015). The effect of campaign contact on voter turnout: Evidence from a field experiment. Political Research Quarterly, 68(1), 158-168.",Voter turnout,mixtral_8x7b_47b_a13b,unverified,CONTRADICTION,CONTRADICTION,CONTRADICTION,CONTRADICTION,ABSENT,0.0,1.0
"Wang, T. (2019). The effect of social media on voter turnout: Evidence from the 2016 U.S. Presidential Election. Social Science Computer Review, 37(2), 217-233.",Voter turnout,mixtral_8x7b_47b_a13b,unverified,UNCONFIRMED,UNCONFIRMED,UNCONFIRMED,UNCONFIRMED,UNCONFIRMED,0.0,1.0
"Zhang, Y., & Holbein, J. B. (2020). The effect of civic education on voter turnout: Evidence from a randomized experiment. Political Behavior, 42(1), 1-24.",Voter turnout,mixtral_8x7b_47b_a13b,unverified,UNCONFIRMED,UNCONFIRMED,UNCONFIRMED,UNCONFIRMED,UNCONFIRMED,0.0,1.0
"Gerber, A. S., Green, D. P., & Shachar, R. (2003). Voting experiments and the dynamics of turnout: A field experiment in California. American Journal of Political Science, 47(4), 729-745.",Voter turnout,mixtral_8x7b_47b_a13b,unverified,CONTRADICTION,CONTAINS,CONTRADICTION,CONTRADICTION,ABSENT,0.0,1.0
"Franklin, M. N. (2004). Voter turnout and the dynamics of electoral competition in established democracies since 1945. Cambridge University Press.",Voter turnout,mixtral_8x7b_47b_a13b,verified,MATCH,MATCH,MATCH,MATCH,ABSENT,1.0,0.0
